DATE,OPEN,CLOSE,HIGH,LOW,VOLUME
04-APR-2022,681.95,680.8,688.0,673.0,1318848
01-APR-2022,675.0,682.6,684.0,660.65,1841775
31-MAR-2022,657.8,672.15,674.75,648.25,2780538
30-MAR-2022,656.0,651.45,661.7,646.1,1624076
29-MAR-2022,664.0,647.65,691.0,643.75,4415638
28-MAR-2022,680.1,659.95,686.2,654.1,3716271
25-MAR-2022,623.0,689.8,705.0,623.0,13659202
24-MAR-2022,614.25,621.5,630.1,609.25,1419932
23-MAR-2022,615.6,614.95,627.0,611.35,716804
22-MAR-2022,610.0,615.2,617.1,607.6,1045609
21-MAR-2022,619.9,614.9,628.3,610.0,1047910
17-MAR-2022,618.0,616.1,622.0,612.7,865280
16-MAR-2022,595.2,616.05,618.75,593.0,1442863
15-MAR-2022,599.6,589.95,604.0,586.85,624447
14-MAR-2022,596.95,599.05,604.85,588.9,922125
11-MAR-2022,588.65,596.4,601.85,580.95,1135613
10-MAR-2022,598.25,592.9,603.0,590.25,864553
09-MAR-2022,571.0,594.6,596.7,570.1,700987
08-MAR-2022,570.0,569.45,579.15,556.0,1106111
07-MAR-2022,567.9,573.55,579.75,562.1,1676862
04-MAR-2022,590.0,579.95,594.0,578.0,740709
03-MAR-2022,604.5,595.65,611.4,592.85,808715
02-MAR-2022,595.05,601.3,608.0,589.4,575424
28-FEB-2022,577.8,599.2,601.15,570.1,1242329
25-FEB-2022,570.0,578.6,591.05,565.3,772903
24-FEB-2022,570.0,558.35,575.7,556.0,1933204
23-FEB-2022,578.25,585.2,593.85,576.5,891349
22-FEB-2022,575.5,574.65,578.95,564.05,2185096
21-FEB-2022,590.1,588.55,597.75,584.0,760162
18-FEB-2022,599.0,593.6,603.85,585.85,1520502
17-FEB-2022,600.95,599.55,606.5,593.05,1067084
16-FEB-2022,598.0,600.95,608.45,593.0,1029921
15-FEB-2022,593.85,598.25,600.15,584.4,1112068
14-FEB-2022,602.95,588.35,604.95,575.7,1541957
11-FEB-2022,610.0,611.4,618.55,608.2,653640
10-FEB-2022,618.0,621.2,629.35,615.1,1241177
09-FEB-2022,617.4,616.7,619.95,612.4,582303
08-FEB-2022,630.0,615.6,632.9,613.05,1182518
07-FEB-2022,637.0,629.55,647.25,627.1,437862
04-FEB-2022,660.0,643.2,662.8,641.5,739708
03-FEB-2022,664.2,660.95,664.2,655.5,818006
02-FEB-2022,655.8,664.2,666.0,652.85,1028191
01-FEB-2022,655.0,656.25,662.9,647.35,1158958
31-JAN-2022,644.0,646.25,651.0,638.15,1193089
28-JAN-2022,620.0,634.4,647.85,620.0,1564122
27-JAN-2022,615.05,616.15,624.25,600.55,1405220
25-JAN-2022,615.0,621.05,629.7,606.2,885983
24-JAN-2022,626.9,622.55,634.4,614.0,1587007
21-JAN-2022,661.95,623.6,665.85,619.0,4373737
20-JAN-2022,668.0,660.45,670.55,652.1,628188
19-JAN-2022,678.0,671.2,688.2,669.7,748775
18-JAN-2022,688.0,680.9,694.35,677.6,1340956
17-JAN-2022,692.0,687.9,696.45,685.6,1018457
14-JAN-2022,671.85,692.55,695.0,666.05,2775937
13-JAN-2022,652.0,669.85,671.0,651.0,1294997
12-JAN-2022,655.0,656.6,661.95,645.35,2059079
11-JAN-2022,636.0,646.75,651.2,636.0,1177009
10-JAN-2022,635.05,645.35,646.0,635.05,618751
07-JAN-2022,637.8,636.6,641.0,630.0,792623
06-JAN-2022,625.0,634.25,639.9,624.0,1052909
05-JAN-2022,630.0,629.95,636.85,626.0,917088
04-JAN-2022,623.0,627.75,634.55,616.2,889836
03-JAN-2022,618.8,619.8,637.6,614.05,453839
31-DEC-2021,606.0,614.55,616.85,605.85,255735
30-DEC-2021,610.2,604.55,613.6,602.0,620247
29-DEC-2021,611.75,613.7,617.45,608.5,395287
28-DEC-2021,610.0,611.8,616.05,607.05,455357
27-DEC-2021,600.0,608.25,609.7,595.15,540989
24-DEC-2021,626.7,602.25,626.8,600.5,1114790
23-DEC-2021,614.95,622.4,626.35,614.95,954050
22-DEC-2021,610.2,614.4,621.7,607.0,858345
21-DEC-2021,610.8,609.1,618.0,605.95,1051138
20-DEC-2021,617.45,608.45,618.0,593.3,2068382
17-DEC-2021,646.0,625.0,647.0,621.5,957081
16-DEC-2021,643.0,645.65,649.7,639.55,501955
15-DEC-2021,645.25,639.55,647.45,635.85,545713
14-DEC-2021,644.0,641.65,650.0,637.65,574501
13-DEC-2021,653.6,645.55,654.05,642.15,1127079
10-DEC-2021,639.2,652.15,656.35,639.2,1115715
09-DEC-2021,634.3,639.45,641.75,626.5,920524
08-DEC-2021,639.0,629.25,644.0,628.0,1945693
07-DEC-2021,632.85,635.7,645.0,631.0,885700
06-DEC-2021,634.4,629.4,650.9,627.15,759744
03-DEC-2021,642.0,640.8,649.8,634.8,1601872
02-DEC-2021,632.0,639.25,645.35,614.5,1653609
01-DEC-2021,626.0,631.35,635.6,617.15,2052399
30-NOV-2021,604.25,620.0,627.35,599.35,4036435
29-NOV-2021,604.0,598.25,610.75,581.85,1815662
26-NOV-2021,618.8,604.0,618.8,600.0,1596347
25-NOV-2021,631.0,622.15,631.0,618.5,1445024
24-NOV-2021,638.8,629.1,641.3,623.25,860804
23-NOV-2021,627.0,637.7,645.4,626.6,1934790
22-NOV-2021,654.0,628.15,655.95,619.1,1916154
18-NOV-2021,665.0,653.35,667.15,646.0,1210622
17-NOV-2021,672.5,665.25,672.5,663.0,483272
16-NOV-2021,679.8,672.85,686.6,670.05,645057
15-NOV-2021,690.85,680.7,690.85,676.15,961049
12-NOV-2021,688.0,687.2,693.0,685.15,688301
11-NOV-2021,704.0,685.15,710.5,680.8,967435
10-NOV-2021,700.1,704.5,710.8,694.1,1974732
09-NOV-2021,685.0,701.45,710.55,685.0,2999385
08-NOV-2021,690.95,686.7,690.95,682.35,804641
04-NOV-2021,688.0,686.55,688.5,684.0,174389
03-NOV-2021,672.0,681.6,690.95,670.4,2000086
02-NOV-2021,668.9,668.6,681.0,665.85,749534
01-NOV-2021,664.85,667.05,668.85,654.8,596587
29-OCT-2021,649.0,655.1,669.4,634.0,1321021
28-OCT-2021,678.0,659.8,682.5,655.2,1059481
27-OCT-2021,678.0,678.85,688.0,676.65,1356035
26-OCT-2021,667.5,676.5,681.15,667.0,1691659
25-OCT-2021,685.45,667.5,687.65,663.55,2117356
22-OCT-2021,680.55,680.15,685.0,657.6,3869614
21-OCT-2021,680.0,664.4,682.6,658.0,1416668
20-OCT-2021,672.2,674.3,685.95,665.25,2784461
19-OCT-2021,685.3,667.35,691.8,661.8,2130322
18-OCT-2021,684.6,684.65,694.95,677.35,1245681
14-OCT-2021,695.0,677.35,698.0,675.0,3084539
13-OCT-2021,704.65,688.65,704.65,680.0,1717145
12-OCT-2021,687.6,698.05,701.45,682.05,1230182
11-OCT-2021,693.0,687.6,705.65,686.0,1879221
08-OCT-2021,700.0,685.05,701.45,680.05,1845098
07-OCT-2021,701.0,694.95,705.3,691.15,1638029
06-OCT-2021,712.0,696.35,713.75,693.5,1340297
05-OCT-2021,710.85,709.1,716.4,701.0,1460282
04-OCT-2021,707.0,707.1,722.0,703.2,2187223
01-OCT-2021,706.3,703.5,710.6,692.15,1255262
30-SEP-2021,706.9,704.3,713.85,700.75,2088535
29-SEP-2021,705.7,703.7,712.8,697.0,1044662
28-SEP-2021,706.0,705.75,730.0,697.45,3115104
27-SEP-2021,700.5,702.45,708.05,695.0,1141958
24-SEP-2021,715.0,699.6,721.25,697.8,1070387
23-SEP-2021,702.7,711.95,726.5,701.0,2233951
22-SEP-2021,708.0,696.8,713.9,695.05,1019415
21-SEP-2021,705.9,703.3,708.7,686.0,1409360
20-SEP-2021,712.0,708.0,731.35,696.5,1058006
17-SEP-2021,738.0,723.65,743.8,693.15,2284382
16-SEP-2021,724.95,733.05,744.0,719.0,2774056
15-SEP-2021,732.45,720.1,736.85,717.95,1211983
14-SEP-2021,740.0,729.1,745.6,725.5,1237271
13-SEP-2021,743.0,740.55,754.4,736.5,1543777
09-SEP-2021,729.2,742.95,753.0,726.45,3821406
08-SEP-2021,724.0,735.85,742.0,718.0,2506155
07-SEP-2021,735.0,723.65,746.3,718.05,1839589
06-SEP-2021,732.7,728.7,741.35,718.05,1197604
03-SEP-2021,744.0,727.25,745.0,723.6,3161373
02-SEP-2021,690.0,735.7,739.75,686.0,5136638
01-SEP-2021,680.05,688.5,697.4,676.25,2396818
31-AUG-2021,682.0,679.55,694.0,673.1,2201566
30-AUG-2021,655.0,679.9,682.75,655.0,2140598
27-AUG-2021,656.45,653.35,659.95,649.4,996004
26-AUG-2021,648.7,653.05,664.6,644.35,2850012
25-AUG-2021,649.0,643.55,653.75,638.0,1509816
24-AUG-2021,653.2,648.4,660.6,644.1,1395465
23-AUG-2021,655.0,653.2,662.9,648.95,1099874
20-AUG-2021,673.45,649.9,673.45,648.0,1384705
18-AUG-2021,671.0,673.45,681.75,661.0,1962740
17-AUG-2021,678.0,665.65,682.3,661.8,1295072
16-AUG-2021,671.8,675.9,681.95,667.0,1440901
13-AUG-2021,670.0,666.1,676.9,663.25,629414
12-AUG-2021,660.95,673.0,683.55,657.0,3531889
11-AUG-2021,662.0,655.65,668.45,652.15,1863492
10-AUG-2021,670.4,662.1,679.2,651.7,1584560
09-AUG-2021,694.8,670.4,694.8,668.8,1864257
06-AUG-2021,698.95,690.35,706.75,687.85,1580014
05-AUG-2021,695.0,698.95,711.7,693.0,1864082
04-AUG-2021,699.15,692.8,716.0,690.55,2213237
03-AUG-2021,693.0,699.45,703.8,691.05,2841977
02-AUG-2021,660.0,691.3,694.15,654.5,5654405
30-JUL-2021,658.8,643.9,665.75,641.35,6602645
29-JUL-2021,646.15,630.1,646.15,628.05,1170610
28-JUL-2021,644.6,639.4,649.65,633.4,1506971
27-JUL-2021,661.55,639.15,662.8,628.65,1109916
26-JUL-2021,663.9,658.25,668.7,656.5,876223
23-JUL-2021,671.95,663.5,690.8,662.3,826880
22-JUL-2021,667.85,668.3,676.0,663.2,1315679
20-JUL-2021,661.5,664.4,670.0,657.45,1822387
19-JUL-2021,658.7,658.0,664.55,652.0,1409373
16-JUL-2021,670.1,661.4,672.0,658.25,871634
15-JUL-2021,681.75,669.1,681.75,667.75,1617688
14-JUL-2021,680.5,676.3,684.9,670.9,2763407
13-JUL-2021,688.05,679.4,690.0,675.1,1568797
12-JUL-2021,682.35,684.65,702.0,680.0,3462516
09-JUL-2021,682.6,673.95,683.0,666.1,2317086
08-JUL-2021,694.75,681.75,698.0,678.0,1063174
07-JUL-2021,691.4,692.6,704.55,686.3,2119973
06-JUL-2021,695.9,689.15,700.5,685.1,922761
05-JUL-2021,685.0,694.2,696.65,676.5,1197123
02-JUL-2021,690.2,679.6,691.95,677.5,846824
01-JUL-2021,700.5,687.0,704.2,685.8,912047
30-JUN-2021,696.5,698.35,709.2,688.85,1362819
29-JUN-2021,698.0,694.3,707.25,692.5,517367
28-JUN-2021,704.0,701.45,710.0,698.0,953955
25-JUN-2021,702.4,698.85,707.65,693.65,1260757
24-JUN-2021,698.3,698.75,704.8,694.0,1060936
23-JUN-2021,708.95,698.15,716.5,696.5,3045052
22-JUN-2021,689.6,703.4,711.0,687.4,4076890
21-JUN-2021,680.0,683.65,688.7,676.55,1128467
18-JUN-2021,679.0,688.35,691.75,669.0,3641682
17-JUN-2021,675.0,677.65,697.6,671.55,2132830
16-JUN-2021,687.0,683.4,695.0,680.05,2306078
15-JUN-2021,682.3,684.7,697.2,676.55,2573970
14-JUN-2021,684.9,681.1,688.0,669.2,3786048
11-JUN-2021,697.9,686.05,699.05,681.45,2154202
10-JUN-2021,709.8,696.6,711.9,694.0,2866714
09-JUN-2021,715.0,706.8,722.8,697.35,1523374
08-JUN-2021,721.25,714.1,730.65,705.0,2623943
07-JUN-2021,727.8,719.7,748.0,707.75,7207731
04-JUN-2021,707.0,713.55,716.5,701.7,2180533
03-JUN-2021,694.0,707.8,712.0,693.0,2927652
02-JUN-2021,693.1,691.5,702.45,683.6,4446672
01-JUN-2021,683.3,693.15,697.0,677.0,3851257
31-MAY-2021,668.9,683.9,694.0,666.25,7592579
28-MAY-2021,674.0,667.65,676.55,661.8,3714443
27-MAY-2021,661.3,667.7,675.0,646.0,8515098
26-MAY-2021,674.8,666.6,680.95,663.05,6101756
25-MAY-2021,649.0,668.1,677.7,639.0,19646926
24-MAY-2021,569.0,634.25,644.7,555.05,24246327
21-MAY-2021,595.0,586.6,608.95,582.65,3020824
20-MAY-2021,599.0,591.6,612.4,589.05,2605955
19-MAY-2021,612.0,599.75,613.95,595.0,2018225
18-MAY-2021,573.15,608.3,612.0,572.25,9015134
17-MAY-2021,576.0,567.1,579.0,563.85,1792475
14-MAY-2021,597.8,572.75,599.0,565.65,2120375
12-MAY-2021,618.5,597.65,624.0,593.7,2993662
11-MAY-2021,577.55,612.5,631.95,575.6,10155865
10-MAY-2021,583.0,579.9,590.0,578.4,1196044
07-MAY-2021,581.85,574.0,584.85,570.2,1588585
06-MAY-2021,571.0,578.0,592.8,570.0,2641309
05-MAY-2021,574.0,568.25,577.6,565.0,979546
04-MAY-2021,578.0,569.7,589.0,567.0,1334378
03-MAY-2021,590.0,572.5,596.85,570.45,1500804
30-APR-2021,557.85,589.9,605.0,551.3,6493359
29-APR-2021,568.0,557.3,571.5,555.1,1159710
28-APR-2021,566.0,563.3,572.0,560.1,945136
27-APR-2021,555.9,563.35,575.0,550.0,1675512
26-APR-2021,554.9,555.3,559.8,551.3,992700
23-APR-2021,550.0,549.45,562.8,544.75,874849
22-APR-2021,551.0,550.8,553.2,544.25,1077666
20-APR-2021,554.5,549.1,573.0,546.1,1669540
19-APR-2021,561.8,551.85,561.8,542.0,1062008
16-APR-2021,564.5,568.0,580.0,560.0,1482339
15-APR-2021,581.85,564.45,585.65,559.35,2184542
13-APR-2021,571.0,573.7,575.75,561.4,1136424
12-APR-2021,575.0,565.25,575.65,552.0,1875008
09-APR-2021,590.1,587.35,597.05,580.0,1810213
08-APR-2021,590.05,590.1,601.0,586.5,3631511
07-APR-2021,580.05,584.65,608.25,579.0,4420444
06-APR-2021,584.0,576.5,593.85,571.2,1625567
05-APR-2021,596.5,578.6,607.8,574.1,1681325
01-APR-2021,605.0,598.6,606.0,593.35,2350611
31-MAR-2021,590.1,598.0,615.35,588.9,3786964
30-MAR-2021,589.4,597.8,610.15,587.5,6813463
26-MAR-2021,550.45,589.4,592.35,550.45,8163393
25-MAR-2021,561.4,549.95,565.0,545.4,2464529
24-MAR-2021,564.0,558.75,577.25,555.25,1929662
23-MAR-2021,558.0,568.9,576.0,558.0,3483961
22-MAR-2021,560.0,560.75,567.15,550.85,1962206
19-MAR-2021,540.15,560.55,563.15,528.25,2726319
18-MAR-2021,552.0,545.7,557.8,527.9,4099158
17-MAR-2021,552.15,539.1,557.5,536.85,2364082
16-MAR-2021,565.0,557.15,566.0,554.0,1898170
15-MAR-2021,562.55,560.55,572.5,553.0,3483568
12-MAR-2021,590.0,577.15,598.4,570.0,7816657
10-MAR-2021,593.8,573.65,593.8,567.6,2596632
09-MAR-2021,604.45,583.85,604.45,579.1,3375768
08-MAR-2021,604.8,597.25,621.95,592.95,5825950
05-MAR-2021,621.7,591.4,624.45,588.05,4647321
04-MAR-2021,577.0,615.55,643.95,575.05,15871139
03-MAR-2021,575.0,578.35,588.0,573.5,2596642
02-MAR-2021,571.95,572.3,582.0,568.6,2410011
01-MAR-2021,562.9,562.5,573.0,556.25,2068440
26-FEB-2021,566.0,557.85,585.95,550.2,4612425
25-FEB-2021,593.85,575.2,597.0,571.45,4200415
24-FEB-2021,568.0,581.35,595.0,565.7,3900108
23-FEB-2021,556.65,557.3,571.0,548.15,3149822
22-FEB-2021,568.9,549.2,568.95,544.25,2299939
19-FEB-2021,556.9,568.95,587.5,556.5,9880580
18-FEB-2021,542.15,556.1,563.55,542.15,3794478
17-FEB-2021,532.5,541.55,566.85,532.5,5953486
16-FEB-2021,545.05,537.15,546.5,528.6,3175417
15-FEB-2021,543.0,544.3,548.95,534.05,2657865
12-FEB-2021,499.9,549.5,573.05,495.6,14059902
11-FEB-2021,498.0,500.95,507.0,492.3,919182
10-FEB-2021,506.0,500.25,511.25,493.65,1834353
09-FEB-2021,503.0,502.25,508.9,498.65,2645701
08-FEB-2021,470.2,502.45,515.5,470.2,8821777
05-FEB-2021,488.95,466.85,491.5,461.75,4967630
04-FEB-2021,464.4,479.0,481.8,460.4,3748605
03-FEB-2021,459.0,464.45,473.6,459.0,3880608
02-FEB-2021,456.0,455.6,462.8,450.15,1988474
01-FEB-2021,437.0,454.05,457.0,426.2,2609450
29-JAN-2021,440.0,433.5,457.45,431.0,4558422
28-JAN-2021,428.65,437.2,441.9,424.1,2040445
27-JAN-2021,423.7,432.95,443.3,421.0,5402116
25-JAN-2021,428.8,421.25,430.0,403.0,2142180
22-JAN-2021,428.0,428.65,435.6,424.3,2695024
21-JAN-2021,437.0,428.25,443.7,424.2,1176261
20-JAN-2021,437.4,436.75,444.0,435.3,2707904
19-JAN-2021,426.85,437.0,440.6,426.85,1664611
18-JAN-2021,432.8,425.15,434.55,421.2,2097777
15-JAN-2021,448.25,432.8,448.25,430.15,2566735
14-JAN-2021,441.0,448.3,450.95,440.85,3761138
13-JAN-2021,448.0,439.5,450.55,433.0,2745987
12-JAN-2021,441.95,445.6,449.8,435.55,4222486
11-JAN-2021,445.0,439.55,445.55,433.0,2661411
08-JAN-2021,436.95,442.55,446.95,433.8,5146410
07-JAN-2021,438.15,431.3,442.0,429.3,3263640
06-JAN-2021,420.0,433.95,444.9,417.0,11715662
05-JAN-2021,413.8,415.2,416.95,408.2,2757851
04-JAN-2021,405.9,413.8,418.75,403.7,4721177
01-JAN-2021,400.45,403.4,405.5,399.3,1345602
31-DEC-2020,398.2,399.3,403.25,396.45,1601573
30-DEC-2020,399.1,398.85,401.5,392.15,1596712
29-DEC-2020,394.9,397.45,402.95,390.25,1845094
28-DEC-2020,394.75,392.5,397.5,391.2,1652125
24-DEC-2020,394.5,392.2,396.35,390.0,1378601
23-DEC-2020,388.0,391.85,392.8,382.55,2191218
22-DEC-2020,382.0,386.3,387.9,365.05,2682621
21-DEC-2020,406.0,379.4,407.6,369.0,3899926
18-DEC-2020,408.75,405.25,409.8,398.35,2096819
17-DEC-2020,410.85,408.75,417.5,405.1,2958532
16-DEC-2020,416.0,407.85,417.65,406.25,3238410
15-DEC-2020,407.0,412.9,415.85,402.8,3714347
14-DEC-2020,402.7,404.0,408.1,401.2,2631263
11-DEC-2020,406.0,400.85,409.4,396.0,2878119
10-DEC-2020,405.6,402.25,406.0,391.05,2098666
09-DEC-2020,407.05,403.45,408.65,401.4,2934474
08-DEC-2020,410.1,404.55,413.95,402.7,3399029
07-DEC-2020,412.0,410.35,415.5,409.0,2571744
04-DEC-2020,420.0,412.65,420.65,409.05,2617938
03-DEC-2020,415.0,417.6,422.9,407.0,5670711
02-DEC-2020,413.0,409.8,413.5,405.0,2200909
01-DEC-2020,409.5,409.65,413.0,397.4,3164488
27-NOV-2020,408.25,406.05,413.95,397.6,5685513
26-NOV-2020,402.0,407.4,409.0,393.3,2197699
25-NOV-2020,410.95,399.65,413.35,398.65,1877065
24-NOV-2020,414.45,410.95,416.5,406.6,1608608
23-NOV-2020,414.0,412.35,418.85,409.9,1601718
20-NOV-2020,410.0,410.0,418.3,408.2,2623059
19-NOV-2020,405.8,408.25,415.0,403.65,2169845
18-NOV-2020,408.75,408.25,409.4,396.0,1896679
17-NOV-2020,416.85,409.05,416.85,401.95,2992236
14-NOV-2020,403.8,412.7,415.8,400.0,923318
13-NOV-2020,398.5,399.85,403.0,393.0,1652461
12-NOV-2020,400.7,399.65,402.7,398.0,1905529
11-NOV-2020,388.8,400.25,408.0,386.6,3859064
10-NOV-2020,382.0,388.1,389.4,378.6,2457889
09-NOV-2020,381.0,380.4,383.45,375.25,3100541
06-NOV-2020,396.0,378.05,399.0,371.9,13573170
05-NOV-2020,399.25,407.3,409.4,398.2,1778251
04-NOV-2020,400.0,397.95,401.7,395.3,1393413
03-NOV-2020,392.05,398.85,401.5,390.55,1535958
02-NOV-2020,392.0,392.15,394.4,385.4,965278
30-OCT-2020,385.8,390.9,395.8,382.85,1341668
29-OCT-2020,387.0,383.9,390.4,378.65,915022
28-OCT-2020,399.55,389.85,401.0,385.05,1880246
27-OCT-2020,384.7,397.2,400.8,379.35,2381247
26-OCT-2020,385.55,384.75,389.0,379.8,1243434
23-OCT-2020,395.05,385.55,396.5,383.7,1543910
22-OCT-2020,392.0,395.95,397.3,385.3,1102171
21-OCT-2020,385.3,391.75,393.4,383.05,1534183
20-OCT-2020,382.05,383.45,387.25,378.25,1323005
19-OCT-2020,372.95,382.95,385.9,370.95,2033332
16-OCT-2020,364.0,370.85,371.9,360.5,1711124
15-OCT-2020,366.0,357.9,368.5,356.0,1037470
14-OCT-2020,362.3,364.85,367.0,358.25,938310
13-OCT-2020,368.8,363.6,369.0,360.25,1897235
12-OCT-2020,372.95,370.55,378.0,369.0,1735101
09-OCT-2020,363.0,369.9,383.0,360.85,2863419
08-OCT-2020,367.0,366.0,367.4,362.0,1083964
07-OCT-2020,360.0,363.85,364.8,355.0,1544189
06-OCT-2020,354.0,360.45,361.9,351.3,1593023
05-OCT-2020,355.8,352.55,358.9,351.0,2883385
01-OCT-2020,367.0,356.25,369.55,355.3,2242161
30-SEP-2020,375.0,364.95,375.15,362.0,2170459
29-SEP-2020,382.4,374.9,386.0,372.65,1380059
28-SEP-2020,376.3,380.3,389.5,376.3,1541157
25-SEP-2020,372.2,375.25,380.0,368.05,1176532
24-SEP-2020,373.45,371.1,378.5,366.0,2226169
23-SEP-2020,375.0,377.1,379.4,371.95,2567644
22-SEP-2020,379.0,370.7,380.0,363.65,1147393
21-SEP-2020,388.0,378.55,388.0,372.05,1833235
18-SEP-2020,388.95,389.3,396.3,387.6,2125693
17-SEP-2020,387.3,388.85,392.8,384.05,2620890
16-SEP-2020,388.1,387.2,390.4,384.0,1545351
15-SEP-2020,385.0,388.75,390.65,381.3,1415229
14-SEP-2020,386.35,384.2,391.0,377.05,2324824
11-SEP-2020,372.4,383.8,385.0,370.35,3692299
10-SEP-2020,377.45,367.55,377.45,364.0,4485419
09-SEP-2020,382.95,375.1,382.95,369.5,3269242
08-SEP-2020,388.0,388.3,394.9,384.5,1494140
07-SEP-2020,391.7,385.65,396.45,382.65,1461799
04-SEP-2020,396.0,391.7,400.7,388.25,993434
03-SEP-2020,398.0,400.6,407.7,398.0,2164331
02-SEP-2020,402.95,397.1,405.75,394.0,1403646
01-SEP-2020,397.1,401.55,405.75,390.2,2272943
31-AUG-2020,412.95,393.0,421.95,390.1,5608228
28-AUG-2020,395.4,409.1,412.9,394.05,5527749
27-AUG-2020,394.75,395.5,397.4,391.7,1315768
26-AUG-2020,393.05,393.8,395.5,390.05,2160646
25-AUG-2020,393.5,393.3,394.75,386.6,1877445
24-AUG-2020,397.0,392.65,397.7,387.95,1334318
21-AUG-2020,394.9,394.15,398.5,392.2,1376379
20-AUG-2020,391.0,392.95,396.35,385.3,1926701
19-AUG-2020,393.0,393.3,397.95,392.2,2585596
18-AUG-2020,387.7,392.6,394.0,385.1,3333659
17-AUG-2020,383.0,385.75,388.6,376.5,5391429
14-AUG-2020,380.0,379.6,385.0,372.4,4329549
13-AUG-2020,365.0,377.1,379.5,365.0,7011850
12-AUG-2020,378.0,362.7,378.4,361.2,6927100
11-AUG-2020,389.5,377.3,392.0,376.0,6722941
10-AUG-2020,433.0,386.4,438.9,365.95,18123494
07-AUG-2020,460.0,455.9,462.5,449.1,1068578
06-AUG-2020,460.4,458.8,463.8,453.55,734457
05-AUG-2020,457.0,457.85,467.0,456.15,1266857
04-AUG-2020,453.7,455.65,464.25,450.5,1863688
03-AUG-2020,448.2,451.9,455.6,443.7,935586
31-JUL-2020,447.0,451.1,453.5,439.65,1333011
30-JUL-2020,452.0,449.95,457.5,445.2,1828510
29-JUL-2020,455.85,450.9,464.5,446.75,1578809
28-JUL-2020,445.0,453.0,459.0,444.1,1341290
27-JUL-2020,445.6,443.1,447.3,436.55,1581593
24-JUL-2020,450.0,448.4,452.2,442.5,799340
23-JUL-2020,452.4,451.0,458.05,448.25,956987
22-JUL-2020,457.6,451.65,460.0,446.1,1414955
21-JUL-2020,447.0,456.95,465.9,447.0,4377659
20-JUL-2020,472.0,446.25,473.9,443.3,7216169
17-JUL-2020,433.85,448.65,460.9,430.6,5519237
16-JUL-2020,430.95,429.9,432.0,420.25,1666949
15-JUL-2020,424.45,430.95,447.3,417.3,2609852
14-JUL-2020,423.25,423.3,427.0,418.5,1282535
13-JUL-2020,435.0,425.45,437.85,422.4,1275777
10-JUL-2020,427.5,430.15,433.9,423.8,1881859
09-JUL-2020,438.8,428.1,443.0,425.1,1590316
08-JUL-2020,432.0,435.6,446.7,418.2,3436605
07-JUL-2020,431.5,430.0,432.75,424.0,1001696
06-JUL-2020,431.4,431.5,448.2,428.1,2893436
03-JUL-2020,424.35,429.95,431.9,423.1,923889
02-JUL-2020,419.9,422.45,424.75,411.05,1156613
01-JUL-2020,419.9,413.0,419.9,402.3,1327344
30-JUN-2020,421.9,417.9,425.0,416.0,2304139
29-JUN-2020,435.1,417.95,435.1,410.35,3284690
26-JUN-2020,429.0,433.8,439.0,423.0,2228682
25-JUN-2020,416.95,426.2,429.75,410.55,2307294
24-JUN-2020,423.35,417.75,428.65,415.15,2099508
23-JUN-2020,422.0,421.5,426.8,415.25,1561656
22-JUN-2020,410.0,416.0,418.0,406.15,1198926
19-JUN-2020,402.0,409.05,411.95,399.35,2254649
18-JUN-2020,385.0,400.5,403.1,383.05,2314054
17-JUN-2020,377.5,384.5,391.65,374.05,1534928
16-JUN-2020,386.95,378.55,393.2,372.75,3319865
15-JUN-2020,391.4,383.85,398.7,382.0,2062852
12-JUN-2020,370,394.55,397.5,365.1,2083700
11-JUN-2020,410,389.9,410,388.25,2555378
10-JUN-2020,421,410.05,422.6,407.85,1775442
09-JUN-2020,427,419.6,434.95,411.55,8761201
08-JUN-2020,409,411.55,419.95,401.3,2611702
05-JUN-2020,393.5,402.6,409.9,392.65,3315528
04-JUN-2020,391,390.4,396.8,385.65,2284389
03-JUN-2020,394,389.5,405.2,386.35,2598152
02-JUN-2020,396.1,391.55,401,386.2,3091310
01-JUN-2020,380,394.4,413,380,5182488
29-MAY-2020,352,376.1,386.8,346.15,5144640
28-MAY-2020,351.5,351.65,359.95,347.2,1313151
27-MAY-2020,355,350.15,355.5,339.3,1213102
26-MAY-2020,350.5,351.2,355.8,342.55,755153
22-MAY-2020,357.7,348.35,365,345.3,1839883
21-MAY-2020,355,359.05,362,350.3,1830218
20-MAY-2020,345.6,350.75,354.4,341.1,1422459
19-MAY-2020,355,350.55,364.8,347.9,2538310
18-MAY-2020,380.9,349.5,381.6,343.45,1826005
15-MAY-2020,378.95,378.35,385.85,371.2,1983442
14-MAY-2020,382.7,378.45,394.9,374.35,2553969
13-MAY-2020,374,380.45,384,365,1959768
12-MAY-2020,366.9,362.3,375,359.4,1266342
11-MAY-2020,359,364.95,369.35,356.7,1107641
08-MAY-2020,357.95,358.75,366.55,356.35,786847
07-MAY-2020,351.45,359.4,366.85,345.25,1208483
06-MAY-2020,339,351.45,354,325.85,1552815
05-MAY-2020,352.5,336,367.85,333.3,1824134
04-MAY-2020,369,348.35,371,342.3,989252
30-APR-2020,371,373.05,381.9,369.1,1463582
29-APR-2020,360,366.1,370.1,357.25,1320934
28-APR-2020,358.1,357.2,367.95,352.45,1231981
27-APR-2020,362,358.7,378,354.05,752258
24-APR-2020,368,361.1,376.6,359.5,934149
23-APR-2020,367,367.8,373.6,362.9,547744
22-APR-2020,363,367,370.85,358.5,808825
21-APR-2020,367.3,365.75,373.95,361.15,1414222
20-APR-2020,380,370.3,383.55,368.6,1953902
17-APR-2020,388.15,376.9,394.9,370.15,2008707
16-APR-2020,385,371.05,386,366.7,1819182
15-APR-2020,382.5,383.55,398.8,380.65,1724976
13-APR-2020,380,382.2,398.8,376,2845404
09-APR-2020,336,374.25,384.7,336,4174365
08-APR-2020,329.75,333.75,353.95,328.1,1536264
07-APR-2020,315,329.2,334.95,312.4,1479999
03-APR-2020,321,304.5,330,302,1536089
01-APR-2020,334,317.5,337.7,311.3,1305776
31-MAR-2020,309.1,331.65,334.65,309.1,2473004
30-MAR-2020,305.2,304.25,314.4,292.3,1414245
27-MAR-2020,325.35,309.2,351.55,306,2980150
26-MAR-2020,284,305.7,314.35,275,2537652
25-MAR-2020,270,285.8,287.9,263.4,2323539
24-MAR-2020,306.1,279.35,328,271,2463499
23-MAR-2020,302,299.15,310.45,284.5,1900207
20-MAR-2020,288.45,331.9,352.35,288.45,3787027
19-MAR-2020,290,285.9,304.5,270.2,1787595
18-MAR-2020,341,298.4,345,291.45,2805978
17-MAR-2020,357,341.45,367.9,338,1060085
16-MAR-2020,378,354.85,387.25,352,1911154
13-MAR-2020,342,388.6,402.15,300.95,1918753
12-MAR-2020,377.95,376.15,385.4,351,2759840
11-MAR-2020,414.9,394.65,417,391.05,2468238
09-MAR-2020,426.2,417.25,433.95,412.35,1748116
06-MAR-2020,450.2,444.35,453.9,440,1328003
05-MAR-2020,481.4,466.15,482.5,462,2296805
04-MAR-2020,492.6,478.95,501.4,468.85,2246982
03-MAR-2020,499.15,489.55,510.35,485,1337625
02-MAR-2020,514,496.15,523.55,491,729206
28-FEB-2020,506.1,509.65,530.25,492.2,2747757
27-FEB-2020,511.1,513,521.35,502.55,1504002
26-FEB-2020,535.4,515.8,542.2,510.15,1684463
25-FEB-2020,548.2,542,550.95,540.4,601461
24-FEB-2020,549,548,563.95,541.25,777678
20-FEB-2020,551.4,550.05,560,548,539812
19-FEB-2020,537.1,554.4,561.5,535.45,1032847
18-FEB-2020,551.35,535.5,552.55,531.7,799197
17-FEB-2020,561.7,551.35,562.2,548.85,551122
14-FEB-2020,565,560.2,566.95,558.05,684950
13-FEB-2020,570.9,566,572.95,564.5,446752
12-FEB-2020,574.4,571.2,576.8,569.2,526605
11-FEB-2020,575.95,574.7,581.9,570.9,836442
10-FEB-2020,569.55,572.45,575.9,562.9,739211
07-FEB-2020,583,575.2,588.35,573,782279
06-FEB-2020,599.45,584.8,602.2,582.3,1073812
05-FEB-2020,566.5,594.5,600,552,2991672
04-FEB-2020,548,566.35,568,547.9,779973
03-FEB-2020,540.1,545.15,552.95,540.1,856408
01-FEB-2020,570.5,542.75,579,534.95,1066397
31-JAN-2020,572.8,567,578.85,563.1,692547
30-JAN-2020,580,572.8,584.65,568.5,1345292
29-JAN-2020,575,579.65,581.9,570.45,902503
28-JAN-2020,574.85,571.75,579.9,569,1132177
27-JAN-2020,559,570.2,574.5,557,1280402
24-JAN-2020,552.9,561.35,563,552.5,1002863
23-JAN-2020,549.05,552.9,555.35,547.3,1063748
22-JAN-2020,551,550.3,552.95,546.3,628321
21-JAN-2020,550.5,551.55,554.25,550,327726
20-JAN-2020,554,550.95,556.35,549.15,393683
17-JAN-2020,557.9,554.4,560.55,552.35,472663
16-JAN-2020,563.9,558.05,565,554.1,1061246
15-JAN-2020,566.5,557.1,566.5,556,789912
14-JAN-2020,561.8,566.95,570.8,561.75,581279
13-JAN-2020,563.55,561.8,567.4,559.5,562622
10-JAN-2020,563.8,563.55,565.25,560.7,627150
09-JAN-2020,558,561.45,563.9,555.75,529238
08-JAN-2020,552,552.85,556.6,543.85,937862
07-JAN-2020,565.05,556.35,567.7,554.75,532397
06-JAN-2020,566.05,562.2,568,559,944473
03-JAN-2020,574.05,569.7,575.65,566.65,1086282
02-JAN-2020,575.95,572,575.95,568.45,835523
01-JAN-2020,573.8,573,576.4,571,615465
31-DEC-2019,578.7,571.9,580,570.95,566412
30-DEC-2019,572,576.7,580,572,789099
27-DEC-2019,570,573.05,575.3,569.1,1061815
26-DEC-2019,575,567.25,575.7,566,556086
24-DEC-2019,581.85,575.2,586.95,570.3,736534
23-DEC-2019,584.9,581.85,588.6,577.25,1833114
20-DEC-2019,569.5,581.45,584.35,568.75,1630926
19-DEC-2019,575,569.5,575,568.05,413853
18-DEC-2019,575.3,573.35,577.95,571,937922
17-DEC-2019,575,575.7,580.7,572.25,1106737
16-DEC-2019,578.7,573,580.6,572.1,777368
13-DEC-2019,562,577.65,580.2,562,2211875
12-DEC-2019,558,561.7,564.75,558,730744
11-DEC-2019,552.5,558.75,560.75,552,1129844
10-DEC-2019,560,553.55,563.45,551.4,1227875
09-DEC-2019,562,559.25,567.25,550.25,1183697
06-DEC-2019,567.6,562.35,576,555.6,2561979
05-DEC-2019,556.95,567.6,572.95,551,1395697
04-DEC-2019,559,555.85,564.35,554.1,670540
03-DEC-2019,575,560.25,575,555.2,810428
02-DEC-2019,579.9,572,580.45,565,1275873
29-NOV-2019,556,579,580.75,553.8,2342285
28-NOV-2019,552.5,552.85,557.4,547.7,1222592
27-NOV-2019,557,551.45,560.5,550.3,1350016
26-NOV-2019,559.9,557.15,564.6,555,2039345
25-NOV-2019,557,559.15,565.5,553.5,919300
22-NOV-2019,575.15,558.15,575.8,554.25,1569013
21-NOV-2019,603,577.15,603,573.25,4868875
20-NOV-2019,580,578.15,584.6,571.6,5306743
19-NOV-2019,570.9,568.15,572.55,564.55,1313981
18-NOV-2019,577,569.15,577.85,565.75,1941042
15-NOV-2019,576.1,570.7,581.7,568.25,1025774
14-NOV-2019,577,575.4,582.95,572.15,771324
13-NOV-2019,582,577,591.7,575.1,1480592
11-NOV-2019,573.6,582.35,586.6,562.85,1452164
08-NOV-2019,579.9,570.9,584.15,568.05,1215210
07-NOV-2019,580,579.6,586.4,577.8,542342
06-NOV-2019,577.5,580.4,585,573,1184456
05-NOV-2019,581.5,576.85,586.5,572.35,811208
04-NOV-2019,579.9,578.7,591.2,577.05,1582095
01-NOV-2019,585.5,580.7,595,571.4,2025302
31-OCT-2019,586,588.35,608.6,582,3399357
30-OCT-2019,602.3,592.85,607.8,588.45,1751576
29-OCT-2019,603.9,597.3,605.25,591.35,1160422
27-OCT-2019,590,600.8,603.45,588.1,215363
25-OCT-2019,591.15,588.25,598,583.7,1076084
24-OCT-2019,609,586.95,613.8,582.85,2699775
23-OCT-2019,608,613.05,617.4,602.65,1076177
22-OCT-2019,629.9,607.95,632.75,603.75,2847565
18-OCT-2019,599,611.5,620.4,595.2,2556249
17-OCT-2019,607.5,599.4,609.5,597.45,2718516
16-OCT-2019,598,604.7,608,590.35,1710063
15-OCT-2019,586.95,595,598,582.45,3221765
14-OCT-2019,570.95,578.25,597.8,564.65,3189291
11-OCT-2019,569.3,564.2,569.55,559,798696
10-OCT-2019,561.55,566.5,571.35,561.15,811503
09-OCT-2019,576.1,571,579.5,562.25,2770455
07-OCT-2019,601,573.8,601,561.05,3305170
04-OCT-2019,633,614.8,638.8,611.25,2227939
03-OCT-2019,635,631.85,642.75,622.3,1868252
01-OCT-2019,635,640.2,666,615,8702870
30-SEP-2019,595.9,604.75,611.7,591,2903317
27-SEP-2019,618,591.15,621.35,587.05,3020021
26-SEP-2019,603.85,618.55,633.6,597.4,5258318
25-SEP-2019,579.95,600.2,617.5,557.05,4015631
24-SEP-2019,585.75,581.1,591.9,573.5,2086193
23-SEP-2019,590,584.25,597.5,563.25,2809069
20-SEP-2019,521.15,552.4,565.8,515.25,1483750
19-SEP-2019,527.45,519.25,528.45,512.25,348877
18-SEP-2019,522.45,525.8,530.65,521.2,385956
17-SEP-2019,531,520.55,533.75,515.8,1067490
16-SEP-2019,529.95,530.9,536,520.8,493322
13-SEP-2019,521,532.3,543.45,511,1391769
12-SEP-2019,518,519.5,528.45,517.9,643887
11-SEP-2019,512.7,517.85,521.25,508.05,503353
09-SEP-2019,500,514.2,515,498.5,502793
06-SEP-2019,517.4,504.5,518.35,502.25,995080
05-SEP-2019,504.9,515.15,521.8,498.35,1173111
04-SEP-2019,493.1,502.9,505.45,492,592028
03-SEP-2019,507.7,491.95,507.7,489.5,532959
30-AUG-2019,497,508.3,510.45,494.2,1177972
29-AUG-2019,485,496.75,499.85,482.15,638774
28-AUG-2019,498.85,485.2,499.4,482.05,687754
27-AUG-2019,490.1,495.8,501,482.75,1115041
26-AUG-2019,491.05,489.75,503,480.5,783583
23-AUG-2019,482,487.75,510.05,475.7,1305391
22-AUG-2019,482.95,482.3,488,480,805042
21-AUG-2019,477,483,486.25,475.05,1721523
20-AUG-2019,462.95,475.15,476.9,462.95,1306549
19-AUG-2019,464.1,465.15,471.4,460,458256
16-AUG-2019,477.9,469.05,477.9,467.5,545392
14-AUG-2019,474,475.9,479.85,466,949104
13-AUG-2019,488,474.05,488,470.55,535974
09-AUG-2019,484.75,485.6,491,482,387709
08-AUG-2019,480,482.35,485.8,473,583859
07-AUG-2019,496.8,483.4,502.45,481.65,632838
06-AUG-2019,496.05,497.65,504,483,1308432
05-AUG-2019,498.4,500.8,508.3,491,1091013
02-AUG-2019,510,503.7,514.5,488.4,1264393
01-AUG-2019,501.35,515.45,520,500.05,1368061
31-JUL-2019,510,511.8,515.7,500.65,754148
30-JUL-2019,516.5,513.15,516.5,510.1,216924
29-JUL-2019,514.2,515.5,519.55,510,583615
26-JUL-2019,524.9,519.15,525.9,512.25,1356495
25-JUL-2019,530.5,528,535.5,524.9,1724285
24-JUL-2019,536.1,530.8,540.35,527.65,476682
23-JUL-2019,535.55,538.3,541.75,532.6,463460
22-JUL-2019,537.5,537.75,542.45,526.2,792612
19-JUL-2019,537.05,535.25,542.35,531.45,579344
18-JUL-2019,551.7,538.95,552.95,536,723958
17-JUL-2019,553,551.7,561.3,550.25,656858
16-JUL-2019,549.95,552.7,553.95,546.35,567943
15-JUL-2019,559.5,551.5,562,550.75,589582
12-JUL-2019,558.5,557.9,565.4,555,840324
11-JUL-2019,558,557.9,559.2,547.75,563326
10-JUL-2019,551,555.35,559.75,550.7,599498
09-JUL-2019,549,549,553.35,518,2502559
08-JUL-2019,571.9,554,571.9,551,389948
05-JUL-2019,572.5,575.7,581,567.25,876960
04-JUL-2019,573,573,579.95,569.45,348097
03-JUL-2019,581,576.4,581,570.35,520136
02-JUL-2019,580,579.6,582.4,574,424857
01-JUL-2019,571,578.1,582.75,568.2,1163755
28-JUN-2019,569.95,570.05,574,565.5,825163
27-JUN-2019,569.9,569.85,573.65,562.15,1110894
26-JUN-2019,556,568.95,571.75,553.3,1316795
25-JUN-2019,553.2,554.25,558.8,550,462745
24-JUN-2019,556.95,553.35,557.35,547,872206
21-JUN-2019,547,553.4,555.5,542.25,1096693
20-JUN-2019,532,545.6,549,528.95,687394
19-JUN-2019,529,531.1,538.9,527.45,707414
18-JUN-2019,529.1,527.45,534.9,525.25,327782
17-JUN-2019,535.25,529.35,540,527.1,364276
14-JUN-2019,533.2,537.95,540.8,532.4,295478
13-JUN-2019,539.65,534.95,541.5,531.65,382238
12-JUN-2019,537.75,541.4,542.9,533.4,553493
11-JUN-2019,534,537.75,542.05,531.8,662634
10-JUN-2019,527.4,533.75,536.4,526.35,366606
07-JUN-2019,527,524.3,533.9,521.35,293561
06-JUN-2019,540.35,524.35,540.7,521.6,746521
04-JUN-2019,527,537.65,544.3,527,1207456
03-JUN-2019,534,530.9,540.05,525.8,757760
31-MAY-2019,532.95,530.05,537,523.45,1424077
30-MAY-2019,526.4,529.6,537.65,520.25,996626
29-MAY-2019,527.8,524.55,527.8,521.8,740288
28-MAY-2019,524.95,525.1,529.25,519.5,1554663
27-MAY-2019,506,523.35,526.5,502.05,936898
24-MAY-2019,493.95,505.55,508.9,488.25,655521
23-MAY-2019,490,492.1,500.45,482.75,2118710
22-MAY-2019,483.1,484.75,487.35,471,792441
21-MAY-2019,498.95,482.85,498.95,479.8,708852
20-MAY-2019,504.8,496.85,504.8,481.9,313393
17-MAY-2019,469.95,479.1,481,467.65,350387
16-MAY-2019,475,469.05,479.1,465,605466
15-MAY-2019,465.55,476.6,481,465.55,544867
14-MAY-2019,471.85,469.3,473.75,462.7,506530
13-MAY-2019,476.1,470,484.8,467.6,386771
10-MAY-2019,473.5,475.8,480.5,471.85,665445
09-MAY-2019,473.65,473.9,478.15,470,841679
08-MAY-2019,493.3,477.2,493.3,475.1,654850
07-MAY-2019,496,489.85,500.95,488.75,287311
06-MAY-2019,505,495.5,505.5,490.2,314874
03-MAY-2019,514.85,505.3,516,501.5,673974
02-MAY-2019,498,513.55,520.9,494,2010622
30-APR-2019,489,493.2,498.1,480,1042076
26-APR-2019,499,493.95,508.5,488.65,849029
25-APR-2019,507.6,492.2,507.6,488.5,1187245
24-APR-2019,505,503.55,510,497.4,747725
23-APR-2019,505.15,504.8,510.5,498,367618
22-APR-2019,517.9,505.1,522.75,502.1,693791
18-APR-2019,515.9,521.05,523,508.1,505695
16-APR-2019,516,512.2,516,507.45,478902
15-APR-2019,516.05,513.4,519.4,511,346940
12-APR-2019,519.15,514.3,521.7,512,848737
11-APR-2019,520,516.3,520.45,513,162079
10-APR-2019,520,519.4,525.5,515.45,840710
09-APR-2019,516,519.35,522,506.4,373410
08-APR-2019,530.65,516.55,532.35,513.05,727512
05-APR-2019,532.45,527.5,532.95,520.15,598262
04-APR-2019,535.9,532.1,537.5,526.35,701627
03-APR-2019,535,532.4,539.55,528.3,478303
02-APR-2019,531.1,534.2,543.4,529.6,1218766
01-APR-2019,528.55,531.1,537,526.15,475109
29-MAR-2019,513.1,525.3,535,513.1,1348722
28-MAR-2019,502.95,511.2,514.2,502.95,718740
27-MAR-2019,504,502.5,510.35,500,545270
26-MAR-2019,508,504.65,510,502.8,434584
25-MAR-2019,512.6,506.15,512.6,502,391050
22-MAR-2019,516.6,513.7,518.5,510.45,719300
20-MAR-2019,511.2,514.25,517.45,510.15,666586
19-MAR-2019,515,510.55,515.9,509,609105
18-MAR-2019,515.9,512.05,519.7,509.55,607274
15-MAR-2019,512,515.45,517.6,507.25,1069396
14-MAR-2019,517.85,508.75,522.55,505.8,945493
13-MAR-2019,508.35,522.55,533.9,507,3206175
12-MAR-2019,496.05,503.05,507,489.7,2010662
11-MAR-2019,490,493.5,500.8,487.55,2435796
08-MAR-2019,485.3,488.45,490,482.35,747344
07-MAR-2019,488.4,485.6,490.85,481.1,562801
06-MAR-2019,488,486.9,493.45,483.15,783592
05-MAR-2019,479.3,484.45,487,477.7,1087720
01-MAR-2019,472.75,478.15,479.9,469.1,1163832
28-FEB-2019,473,472.75,477,467.6,2867819
27-FEB-2019,467,473.95,477.35,461.1,1059353
26-FEB-2019,474.55,467,476.8,466,1150363
25-FEB-2019,475.65,474.5,487.5,471.1,1232554
22-FEB-2019,481.9,475.65,483,470.8,1458459
21-FEB-2019,491.9,482.6,492.45,479.6,835835
20-FEB-2019,489,491.9,496.5,480,669634
19-FEB-2019,488,489.75,498.3,484.9,880880
18-FEB-2019,492,493.5,499.45,477,905190
15-FEB-2019,502,491.25,502.9,484.5,1210198
14-FEB-2019,483,498,502.9,481.95,2924320
13-FEB-2019,507,489,508,477,2493631
12-FEB-2019,519.45,512.4,523.9,509,465576
11-FEB-2019,516,520.65,522.4,508.1,604859
08-FEB-2019,515.7,509.95,520.5,505.4,323368
07-FEB-2019,515.8,513.5,518,503.65,258120
06-FEB-2019,523.65,510.45,524.65,503.6,448414
05-FEB-2019,518.9,517.4,524.4,511.15,403499
04-FEB-2019,549,518.6,552.5,515,927229
01-FEB-2019,527.56,526.96,543.04,518.16,780833
31-JAN-2019,526.68,524.4,532,521.6,1683954
30-JAN-2019,517.6,529.16,531.68,510.4,651614
29-JAN-2019,513.6,514.28,519.2,502.8,599871
28-JAN-2019,527.84,514.36,528,505.8,553878
25-JAN-2019,530.56,528.32,532,520.52,427790
24-JAN-2019,531.2,531.24,532.44,526.96,305335
23-JAN-2019,535.92,527.92,537.6,526.04,675635
22-JAN-2019,531.2,535.6,537.52,526.04,810490
21-JAN-2019,550.16,532,550.16,529.32,1060758
18-JAN-2019,556.8,547.08,558.24,544.08,505951
17-JAN-2019,557.6,555.52,564,548.2,751713
16-JAN-2019,547.76,557.52,564,546.04,1586105
15-JAN-2019,548.8,545.36,548.8,541.76,269267
14-JAN-2019,542.84,545.84,549.08,532.12,1731024
11-JAN-2019,553.4,542.84,553.48,538.96,360674
10-JAN-2019,547.44,551.24,554.32,545.36,472688
09-JAN-2019,545.04,547.56,553.4,542.32,468915
08-JAN-2019,547.2,544.32,547.2,541.8,394126
07-JAN-2019,545.48,544.92,549.24,540.44,477525
04-JAN-2019,536.56,542.44,545.48,534.56,867502
03-JAN-2019,537.52,536,538.32,533.64,672072
02-JAN-2019,548.8,535.16,551.28,530.4,1092937
01-JAN-2019,552,548.24,552.76,543.56,455871
31-DEC-2018,535.2,550.16,557.52,534.24,2504924
28-DEC-2018,536,536.32,539.36,533.28,606585
27-DEC-2018,531.84,533.16,545.52,526.48,4863923
26-DEC-2018,521.6,522.08,525.4,508.88,649225
24-DEC-2018,520.88,520.04,527.56,517.28,435059
21-DEC-2018,536,525.28,536,522.68,519077
20-DEC-2018,538.4,533.2,543.08,525.36,1664631
19-DEC-2018,534,534.8,544.72,529.44,739180
18-DEC-2018,526.92,528.32,531.6,520.4,711170
17-DEC-2018,522.4,529.76,539.92,522.4,1334569
14-DEC-2018,517.6,520.52,522.56,513.64,875170
13-DEC-2018,519.96,518.2,523.44,514.92,513508
12-DEC-2018,527.28,521.96,532.76,518.56,732695
11-DEC-2018,519.76,529.2,536.08,519.2,370813
10-DEC-2018,526,531.28,544.56,516.4,519038
07-DEC-2018,531.92,528.68,533.12,524.48,218832
06-DEC-2018,534.6,529.36,536.8,526,462611
05-DEC-2018,539.92,538.92,545.28,533.96,463225
04-DEC-2018,544,542.04,547.8,536,873425
03-DEC-2018,540,544.12,548,532.8,416430
30-NOV-2018,538,539.96,544.64,526.24,844954
29-NOV-2018,534.28,539.88,543.84,528.8,464214
28-NOV-2018,536.8,532,539.2,524.8,396437
27-NOV-2018,533.72,534.36,539.24,523.2,575601
26-NOV-2018,541,536.96,546.48,532,615707
22-NOV-2018,543.84,537.8,545.6,535.04,335095
21-NOV-2018,547.96,540.96,548.68,536.2,357176
20-NOV-2018,535.32,541.12,548.72,533.6,520569
19-NOV-2018,540.64,538.84,553.96,532,723431
16-NOV-2018,544,537.4,556.64,527.64,948392
15-NOV-2018,532,546.12,548,532,476605
14-NOV-2018,537.52,533.84,538.72,523.2,718610
13-NOV-2018,518.08,536.16,547.84,512.6,1329406
12-NOV-2018,537.6,515.8,538.96,513.2,530769
09-NOV-2018,535.84,535.96,540,532.68,590183
07-NOV-2018,542,534,545.6,529.32,86363
06-NOV-2018,524,537.24,552,524,1346660
05-NOV-2018,527.72,523.52,527.72,520.04,627055
02-NOV-2018,529.6,527.72,537.28,523.88,599185
01-NOV-2018,512,529.28,532.8,506.24,1099076
31-OCT-2018,510.4,507,524,484,1598442
30-OCT-2018,494.4,498.68,505.32,488.8,563910
29-OCT-2018,460.64,495.84,521.28,455.92,1384448
26-OCT-2018,444,459.48,467.6,442.52,1201726
25-OCT-2018,441.6,440.12,448,433.6,4036220
24-OCT-2018,461.6,446.56,470.4,443.16,1078315
23-OCT-2018,456,461.48,466.96,448,701264
22-OCT-2018,477.6,460.64,478.4,454.4,1663870
19-OCT-2018,478.4,473.68,486.36,470.32,434115
17-OCT-2018,488,479.48,490.4,476.8,443410
16-OCT-2018,484.8,481.04,490.4,477.76,524603
15-OCT-2018,488,483.68,491.36,477.76,231294
12-OCT-2018,478.72,485.84,490.4,476,448595
11-OCT-2018,468.96,475.52,484.4,464.2,545584
10-OCT-2018,480,491.48,493.56,476.24,461731
09-OCT-2018,476.88,478.76,491.76,449,1487508
08-OCT-2018,485.6,479.6,498.4,472.12,561426
05-OCT-2018,480.4,484.6,495,468.96,678508
04-OCT-2018,507.2,488.48,512.48,480.4,774982
03-OCT-2018,516.8,512.96,522.56,507.92,756140
01-OCT-2018,503.8,521.8,527.2,492.96,759458
28-SEP-2018,502,501.96,506.56,497.28,697039
27-SEP-2018,498.4,496.64,506.08,494.16,666842
26-SEP-2018,497.6,502.92,506.28,490.4,551429
25-SEP-2018,493.04,490.16,506.92,482.52,844466
24-SEP-2018,516.2,496.64,516.2,491.2,696481
21-SEP-2018,503.56,514.96,520,487.28,1076899
19-SEP-2018,492.8,497.4,503.84,491.2,449333
18-SEP-2018,507.12,490.92,509.24,489.6,773652
17-SEP-2018,517.6,507.16,520,505.88,393436
14-SEP-2018,507.28,516.72,519.4,505.36,613199
12-SEP-2018,507.68,504.76,518.92,501.4,771921
11-SEP-2018,528,506.8,532.12,504,826236
10-SEP-2018,524.8,527.44,534.4,523.08,389192
07-SEP-2018,514.48,527.2,536.08,513.52,1112643
06-SEP-2018,513,511.32,518.12,504.4,526219
05-SEP-2018,504,512.96,514.92,497.04,414201
04-SEP-2018,518,503.72,520.36,498.76,816971
03-SEP-2018,523.28,520.64,525.2,517,421335
31-AUG-2018,509.08,521.48,523.88,506.92,1004072
30-AUG-2018,513.2,506.16,516.8,504.4,585178
29-AUG-2018,506.52,512.56,514.56,503.2,480331
28-AUG-2018,516.08,505.16,517.2,502.56,560130
27-AUG-2018,513.16,517.92,522.52,511,396675
24-AUG-2018,514.4,512.32,519.28,506.6,303551
23-AUG-2018,511.76,514.52,516.48,509.16,379098
21-AUG-2018,504,507.96,517.36,499.84,619830
20-AUG-2018,512.8,502.56,513.92,501.84,341414
17-AUG-2018,516.8,510.8,524,506.68,636415
16-AUG-2018,514.68,516.56,522.52,512,334744
14-AUG-2018,513.36,514.04,516.8,510.52,308646
13-AUG-2018,508.8,511.6,516.08,505.16,242270
10-AUG-2018,514.4,511.36,520.8,508.48,301138
09-AUG-2018,518.12,513.96,531.2,512.12,803820
08-AUG-2018,510.28,515.52,521.08,509.2,289861
07-AUG-2018,514.68,510.28,520.56,507.4,680254
06-AUG-2018,519.4,511.12,523.76,510.04,341452
03-AUG-2018,520.88,516,523.92,510.96,665780
02-AUG-2018,531.16,518.2,531.92,516.8,558912
01-AUG-2018,538.08,529.8,542.4,523,348150
31-JUL-2018,530.36,535.44,549.52,521.48,698914
30-JUL-2018,523.96,528.92,534.4,513.8,554000
27-JUL-2018,524,520.36,532.76,513.28,574258
26-JUL-2018,513.88,518.08,528.8,513.88,1234267
25-JUL-2018,530.6,517.32,533.56,513.6,358993
24-JUL-2018,526.84,530.6,534.68,515,307874
23-JUL-2018,512.8,526.8,539.8,512.8,443558
20-JUL-2018,520,522.6,526.4,516.08,180568
19-JUL-2018,517.2,521.12,524,511.6,176821
18-JUL-2018,515.2,520.36,527.2,507.64,460656
17-JUL-2018,500.16,512.96,513.6,493.32,405954
16-JUL-2018,511.52,502.08,513.56,490.6,559218
13-JUL-2018,510.08,510.32,520.52,504.8,588489
12-JUL-2018,521.56,508.4,527.12,505.56,595720
11-JUL-2018,535.2,517.92,538.4,515.84,316203
10-JUL-2018,537.84,539.2,541.52,529.6,369491
09-JUL-2018,519.92,535.28,537.6,512,785780
06-JUL-2018,510.24,520.88,528,508.48,579535
05-JUL-2018,513.84,508.48,518.32,505.12,483779
04-JUL-2018,519.04,518.6,526.36,515.2,325118
03-JUL-2018,513.6,516.08,517.4,500.8,399032
02-JUL-2018,519.92,509.56,529.6,500,1641747
29-JUN-2018,491.48,521.8,526.04,486.4,1347255
28-JUN-2018,481.6,489.04,510.72,481.6,2191179
27-JUN-2018,500.8,485.12,501.6,479.2,553755
26-JUN-2018,490.64,499.12,508.8,490.48,370917
25-JUN-2018,500.18,497.76,513.54,492.88,300359
22-JUN-2018,503.8,498.8,503.8,492.8,363608
21-JUN-2018,508.32,502.52,512.2,499.92,229247
20-JUN-2018,509.6,509.72,515.2,502.74,332380
19-JUN-2018,494.68,507.38,510.84,486,706470
18-JUN-2018,504.44,493.08,507.98,489.92,468463
15-JUN-2018,521.2,505.26,523.58,502.8,402701
14-JUN-2018,534.12,521.66,534.4,516.88,339336
13-JUN-2018,536,527.7,537.46,526,277581
12-JUN-2018,525.06,534.42,537.62,522.66,251459
11-JUN-2018,544,525.76,545.82,524.04,295659
08-JUN-2018,537.2,545.08,548.8,537.04,180425
07-JUN-2018,538.8,539.06,545.2,534.32,162815
06-JUN-2018,533.8,538.8,540,528.42,140277
05-JUN-2018,526.8,533.8,536.92,522.08,442419
04-JUN-2018,538,525.32,543.16,522,321992
01-JUN-2018,551.16,534.84,551.16,532.4,187671
31-MAY-2018,551.92,551.62,560,539.2,3216694
30-MAY-2018,547.52,549.84,553.6,546.1,336659
29-MAY-2018,554,549.36,555.18,542.4,317498
28-MAY-2018,555.6,552.58,555.6,545.52,261936
25-MAY-2018,550.08,551.3,558.56,546.86,483346
24-MAY-2018,558,552.4,559.88,539.42,224318
23-MAY-2018,548.4,554.9,557.2,544.92,248587
22-MAY-2018,548.8,551.94,555.46,544.16,482275
21-MAY-2018,558.84,555.3,562.14,553.42,299578
18-MAY-2018,552.8,558.84,566.82,552.44,472772
17-MAY-2018,560.4,556.68,569.48,552,440836
16-MAY-2018,552.06,560.5,562,550.8,404270
15-MAY-2018,562,556.1,567.96,551.2,361946
14-MAY-2018,564,560.7,567.16,554.8,285464
11-MAY-2018,543.02,562.8,565.28,543.02,420750
10-MAY-2018,550,542.7,559.44,540,208355
09-MAY-2018,555.2,552.12,559.18,548.82,229030
08-MAY-2018,541.92,559.68,568.8,540.68,982311
07-MAY-2018,547.92,539.9,547.92,534.3,419268
04-MAY-2018,546.88,546.16,552.98,541.34,669787
03-MAY-2018,530.66,543.66,549.6,528.78,1586081
02-MAY-2018,532.92,530.66,535.98,527.12,1480207
30-APR-2018,526.78,521.56,530.16,516,456568
27-APR-2018,520.8,524.04,531.36,516.46,370982
26-APR-2018,530.4,517.3,531.1,514.14,346380
25-APR-2018,535.18,529.9,535.68,524.88,516953
24-APR-2018,535.2,534.24,539.58,529.98,608978
23-APR-2018,538.04,532.1,540.4,522.54,477015
20-APR-2018,540.4,537.84,548.56,535.14,248189
19-APR-2018,544,538.4,550.68,534.54,272374
18-APR-2018,547.98,538.16,552,536.9,220585
17-APR-2018,530.4,546.22,549.6,520.48,384296
16-APR-2018,520,529.74,531.9,517.2,237201
13-APR-2018,518.42,519.56,525.52,510.48,233657
12-APR-2018,512.36,518.06,519.18,503.22,187962
11-APR-2018,512.76,511.48,516,508.68,155993
10-APR-2018,506.8,510.68,516.4,505.88,297975
09-APR-2018,507.6,504.78,509.58,501.34,49964
06-APR-2018,496,505.72,508.4,495.2,101332
05-APR-2018,500,495.92,504.36,492.72,254572
04-APR-2018,505.98,497.86,510.96,486.8,258295
03-APR-2018,496.8,505.46,514.4,496.8,290967
02-APR-2018,499.2,496.48,500.34,492.04,115410
28-MAR-2018,492,498.04,500.4,490.2,578746
27-MAR-2018,482.8,490.2,493.58,479.76,285748
26-MAR-2018,484.4,479.24,484.8,475.56,170423
23-MAR-2018,467.2,484.12,487.06,467.06,613345
22-MAR-2018,474,472.38,477.56,467.06,304192
21-MAR-2018,476.26,473.86,484.78,471.6,222257
20-MAR-2018,478.4,474.06,483.58,468.48,455502
19-MAR-2018,485.6,479.64,485.6,472.02,234108
16-MAR-2018,494.8,483.4,497.04,480.4,349971
15-MAR-2018,498.58,497.3,500.56,494.94,219190
14-MAR-2018,494.56,498.52,501.34,493.52,301732
13-MAR-2018,494.4,496.56,502,492.44,190308
12-MAR-2018,503.48,495.3,503.48,494.1,153267
09-MAR-2018,504,499.48,506.18,496.8,321044
08-MAR-2018,500.74,500.24,504,493.04,265227
07-MAR-2018,494,501.18,504.8,494,366904
06-MAR-2018,514.4,494.46,515.64,489.48,370236
05-MAR-2018,518.8,512.14,523.82,508.86,265779
01-MAR-2018,520,524.94,528.02,517.82,126000
28-FEB-2018,527.96,521.66,531.56,517.22,340399
27-FEB-2018,533.12,532.06,535.2,520.7,287506
26-FEB-2018,535.98,531.96,538.4,524.84,227288
23-FEB-2018,535.18,531.9,535.6,524.72,311096
22-FEB-2018,519.2,533.08,542,518.5,336796
21-FEB-2018,516.2,523.56,527.08,510.5,203255
20-FEB-2018,518,516.18,522,514.12,602331
19-FEB-2018,529.36,516.64,529.76,509.64,293784
16-FEB-2018,531.76,526.9,532.88,525.02,268316
15-FEB-2018,533.14,530.4,534,528.48,276499
14-FEB-2018,539.96,530.04,539.96,527.08,532033
12-FEB-2018,527.96,530.12,533.58,524,334133
09-FEB-2018,533.8,527.06,533.8,524.82,137679
08-FEB-2018,537.2,536.54,541.18,531.54,209186
07-FEB-2018,531.6,537.02,539.68,526,316636
06-FEB-2018,520.52,520.18,529.28,518.22,353150
05-FEB-2018,532,536.52,541.2,521.48,254172
02-FEB-2018,549.44,535.08,550.4,528,625235
01-FEB-2018,557.6,554.92,562.74,546.72,419912
31-JAN-2018,548.1,556.12,558,545.22,312099
30-JAN-2018,562,552,565.76,543.06,278281
29-JAN-2018,582.8,560.16,583.38,555.48,180621
25-JAN-2018,598.3,576.16,598.32,572.52,634762
24-JAN-2018,586.8,586.56,590,578.8,226161
23-JAN-2018,597.2,586.48,597.68,583.02,256745
22-JAN-2018,590.68,593.3,600,588.22,562403
19-JAN-2018,582,589.46,591.6,579.38,457207
18-JAN-2018,576,575.64,582,568,713977
17-JAN-2018,562.4,571.6,575.56,559.2,236691
16-JAN-2018,568.94,564.86,577.58,560.8,278149
15-JAN-2018,575.2,568.82,583.74,565.02,425368
12-JAN-2018,572.4,572.9,575.58,560.8,326458
11-JAN-2018,585.88,570.44,585.88,568.4,451066
10-JAN-2018,550.04,590.52,599.6,550,1622051
09-JAN-2018,553.6,550.22,555.58,548.46,327145
08-JAN-2018,550,551.98,556.2,549.42,260286
05-JAN-2018,553.16,551.72,554,549.32,130239
04-JAN-2018,548.02,550.52,558.56,544.88,497555
03-JAN-2018,546,548.02,551.32,539.96,125692
02-JAN-2018,551.56,541.08,551.56,538,93223
01-JAN-2018,555.2,548.3,570,547.2,68768
29-DEC-2017,551.96,551.74,557.54,548.08,163615
28-DEC-2017,544.66,550.24,557.24,540.82,232201
27-DEC-2017,559.98,544.66,567.6,540.96,348008
26-DEC-2017,548.76,557.7,559.18,544.8,152754
22-DEC-2017,542.4,545.16,547.2,539.46,202321
21-DEC-2017,542.4,542.4,546.7,539.42,201956
20-DEC-2017,538.8,539.92,544.08,536,216937
19-DEC-2017,525.56,538.64,540,524.48,251699
18-DEC-2017,519.8,524.06,526.36,504.56,131659
15-DEC-2017,520,519.8,520.8,516.38,162469
14-DEC-2017,514,516.38,520,510.8,56626
13-DEC-2017,515.2,518.28,520.14,514.84,122520
12-DEC-2017,519.6,519.72,522.4,517.34,290210
11-DEC-2017,523.2,519.74,523.2,516,304114
08-DEC-2017,521.98,519.78,523.2,517.3,204335
07-DEC-2017,521.6,521.3,527.54,516.42,271354
06-DEC-2017,514,519.88,524,512.2,307307
05-DEC-2017,519.96,516.02,519.96,511.34,121011
04-DEC-2017,512,518.54,521.6,504.44,222819
01-DEC-2017,527.44,511.1,527.44,508.68,285942
30-NOV-2017,530,523.2,530.36,521.58,295388
29-NOV-2017,533.6,531.02,534.8,529.46,125269
28-NOV-2017,531.2,532.42,535.98,526.8,292203
27-NOV-2017,540.26,531.74,540.26,525.58,262240
24-NOV-2017,538,538.36,542.1,533.02,145619
23-NOV-2017,544,534.62,544,532.62,162255
22-NOV-2017,542.8,543.72,547.48,540.4,404086
21-NOV-2017,550.8,542.82,553.56,538.82,174648
20-NOV-2017,539.5,544.98,556,536.82,493866
17-NOV-2017,535.2,538.14,543.16,533.28,235413
16-NOV-2017,533.96,530.02,538.76,520.4,183431
15-NOV-2017,534.3,533.06,544.06,529.4,97422
14-NOV-2017,537.24,534.78,540,529.2,176708
13-NOV-2017,543.6,536.12,545.6,535.14,232971
10-NOV-2017,531.6,539.86,541.98,531.6,162806
09-NOV-2017,536.44,534.74,545.68,531.2,220833
08-NOV-2017,535.24,535.36,544,531.44,130508
07-NOV-2017,556.8,531.54,562.38,529.62,549008
06-NOV-2017,552.8,556.7,567.2,552.8,601993
03-NOV-2017,551.6,551.96,558.8,547.62,348699
02-NOV-2017,552.8,551.78,556.9,544.18,666122
01-NOV-2017,556.74,556.04,562,529.22,692203
31-OCT-2017,546.5,552.94,559.6,544.84,730883
30-OCT-2017,545.4,548.36,550.32,538.38,305084
27-OCT-2017,547.92,545.76,553.84,538.1,302146
26-OCT-2017,540.4,547.28,559.68,537,603917
25-OCT-2017,538,543.78,547.12,532.98,267090
24-OCT-2017,536,536.24,544,530.02,153392
23-OCT-2017,525.8,532.6,537.6,522.8,417356
19-OCT-2017,532.4,527.7,533.28,522,18359
18-OCT-2017,537.94,528.88,542.78,526.68,484296
17-OCT-2017,538.4,536.62,547.2,533.02,632834
16-OCT-2017,546.8,543.78,554.12,540,267567
13-OCT-2017,545.78,545.74,548.4,535.44,441317
12-OCT-2017,528.92,542.34,546,528.92,444281
11-OCT-2017,535.16,523.56,539.7,518.94,377417
10-OCT-2017,534.8,531.7,540.88,528.86,544214
09-OCT-2017,534.8,529.88,534.8,528.5,105999
06-OCT-2017,529.2,531.34,535.18,528.06,262852
05-OCT-2017,531.18,529.1,540.12,525.74,263799
04-OCT-2017,531.16,531.18,534.4,525.58,347327
03-OCT-2017,544,530,544,524.26,376062
29-SEP-2017,525.08,538.66,541.44,518.44,459137
28-SEP-2017,506.56,527.74,542.98,500.34,612950
27-SEP-2017,516.1,505.04,519.08,502,371394
26-SEP-2017,512.9,515.4,520.4,506.02,344892
25-SEP-2017,522.8,513.6,522.8,503.06,368152
22-SEP-2017,536,522.64,536,520,205007
21-SEP-2017,546,537.4,547.76,533.4,162499
20-SEP-2017,542.96,546.26,549.54,542.88,205402
19-SEP-2017,549.16,541.76,551.52,540.4,120029
18-SEP-2017,545.2,546.82,551.6,542.8,132891
15-SEP-2017,552.5,541.9,553.9,538.42,1710524
14-SEP-2017,553.2,545.7,557.88,536.52,529788
13-SEP-2017,562,548.34,563.2,546,379516
12-SEP-2017,563.6,559.72,563.6,553.8,636737
11-SEP-2017,547.52,562.6,565.2,547.44,1175797
08-SEP-2017,554.4,543.94,554.8,539.66,349123
07-SEP-2017,559.74,550,560,547.22,461521
06-SEP-2017,534,554.6,558.18,528,689719
05-SEP-2017,526,540.12,542.72,526,385300
04-SEP-2017,530.4,526.62,532.38,517.72,385346
01-SEP-2017,528.96,533.34,535.08,528.96,296266
31-AUG-2017,527.98,527.96,537.6,525.2,842115
30-AUG-2017,504.2,524.54,526.4,504.2,449887
29-AUG-2017,512.8,503.96,512.8,500.6,173199
28-AUG-2017,506.26,514.76,516.4,503.78,209473
24-AUG-2017,507.56,507.12,510.02,502.2,350989
23-AUG-2017,514,503.2,521.8,500,1286392
22-AUG-2017,492,510.56,514,488.94,738465
21-AUG-2017,507.6,488.78,515.84,484.46,775918
18-AUG-2017,495.6,501.66,506.76,490.4,489938
17-AUG-2017,492.8,496.7,507.08,492.16,543798
16-AUG-2017,470,492.16,499.52,470,793455
14-AUG-2017,470,468.02,471.6,464.66,244495
11-AUG-2017,455.2,463.18,466.74,438.44,416998
10-AUG-2017,465.88,458.18,470.16,456.18,232209
09-AUG-2017,464.4,467.54,476.36,458.06,229607
08-AUG-2017,473.76,467.42,476.94,460.9,267317
07-AUG-2017,475.12,473.76,483.52,472.06,285967
04-AUG-2017,473.58,471.84,480.72,469.6,607373
03-AUG-2017,470.76,471.9,486.4,468.4,647280
02-AUG-2017,473.2,469,474.58,467.22,245106
01-AUG-2017,471.16,470.28,479.96,467.62,896563
31-JUL-2017,456.84,457.54,461.2,454.34,206389
28-JUL-2017,465.6,456.5,466,455.2,246053
27-JUL-2017,470.32,465.76,474.08,463.54,346168
26-JUL-2017,468.3,469.2,471.66,466.4,258259
25-JUL-2017,472.96,468.3,472.96,467.2,304561
24-JUL-2017,475.54,470.58,475.54,468,226412
21-JUL-2017,472.04,472.22,475.94,469.26,408109
20-JUL-2017,474.56,472.04,477.16,470.44,97494
19-JUL-2017,474.48,471.86,477.96,470.8,243591
18-JUL-2017,468.96,474.64,477.6,468.4,441144
17-JUL-2017,471.6,470.9,473.94,466.92,264504
14-JUL-2017,471.16,469.18,477,468,183613
13-JUL-2017,471.2,471.16,475.32,467.2,286102
12-JUL-2017,471.16,469.98,477.9,468.84,139760
11-JUL-2017,480.4,469.38,485.58,467.02,235884
10-JUL-2017,480,480.1,482.6,472.6,62012
07-JUL-2017,465.2,473.5,474.9,465.2,104628
06-JUL-2017,466.42,467.14,470.92,465.08,72844
05-JUL-2017,466.8,466.42,471.16,463.06,82432
04-JUL-2017,461.18,466.46,471.4,461.18,142517
03-JUL-2017,460,462.52,466,456.22,96869
30-JUN-2017,453.42,458.42,462,449.46,201186
29-JUN-2017,455.76,453.42,460.08,451.64,343118
28-JUN-2017,454.3,452.84,473.6,451.24,300686
27-JUN-2017,468.4,453.54,468.4,450.3,242825
23-JUN-2017,480.4,465.68,481.98,462.96,236039
22-JUN-2017,478.36,479.62,485.32,476.84,472348
21-JUN-2017,480,477.34,482.66,473.64,853721
20-JUN-2017,455.68,474.58,479.48,452.08,635995
19-JUN-2017,454.88,453.12,461.06,448,161886
16-JUN-2017,456.8,454.28,459.2,450.4,221250
15-JUN-2017,461.16,454.44,464.36,452.44,97917
14-JUN-2017,469.56,459.28,469.56,454.3,187031
13-JUN-2017,469.04,467.62,470.64,465.82,85032
12-JUN-2017,472,469.04,474,466.74,64324
09-JUN-2017,467.78,472.3,474.54,462.5,158864
08-JUN-2017,475.2,466.34,475.2,464.8,171953
07-JUN-2017,471.56,470.5,472.8,468.18,253297
06-JUN-2017,471.08,468.18,472,465.68,96126
05-JUN-2017,467.96,469.08,470.94,464.8,138853
02-JUN-2017,465.2,465.02,470,463.18,244375
01-JUN-2017,466.7,464.86,467.98,456.86,389400
31-MAY-2017,468,464.08,473.12,462.4,359461
30-MAY-2017,475.96,466.76,475.96,460.94,131564
29-MAY-2017,485.56,472.12,485.56,459.24,298222
26-MAY-2017,475.56,483.4,486.4,474.24,674182
25-MAY-2017,474.54,461.94,477.66,458.32,487331
24-MAY-2017,494.12,471.88,500,469.18,733720
23-MAY-2017,480.4,488.4,500.64,467.2,1129857
22-MAY-2017,482.8,480.06,487,473.2,274347
19-MAY-2017,482,479.28,492,476,455424
18-MAY-2017,474,478.18,484,470.46,358451
17-MAY-2017,480,477.68,483.98,474.1,130132
16-MAY-2017,475.94,479.72,487.08,474.64,437139
15-MAY-2017,477.16,473.02,477.16,470.02,126323
12-MAY-2017,468,473.16,474.8,464.74,242335
11-MAY-2017,483.9,465.56,483.9,458.42,390323
10-MAY-2017,480,477.56,484.8,475.6,204708
09-MAY-2017,477,478.54,480.26,468.8,198621
08-MAY-2017,475.86,472.22,485.2,466.36,409096
05-MAY-2017,475.98,475.98,476.84,470.48,184255
04-MAY-2017,473.64,476.14,480,469.4,174777
03-MAY-2017,479.6,469.48,485.98,468,141005
02-MAY-2017,487.2,479.84,487.5,477.02,313993
28-APR-2017,485.24,487.14,488.74,484.64,346838
27-APR-2017,485.98,484.7,489.74,480.4,313782
26-APR-2017,486,485.44,490.74,483.2,259115
25-APR-2017,482.04,485.44,487.22,480.68,347517
24-APR-2017,479.98,481.56,484.1,472.44,210906
21-APR-2017,474,477.74,482.68,470.06,381886
20-APR-2017,488,471.18,496,464.82,948265
19-APR-2017,476.28,487.38,491,474,450249
18-APR-2017,470.6,476.24,478.8,470.4,347343
17-APR-2017,474,473.5,476,461.64,366603
13-APR-2017,459.14,471.6,475.2,456.42,441801
12-APR-2017,464,458.64,466,454.42,361688
11-APR-2017,452.12,462.04,464.4,451.52,469120
10-APR-2017,455.98,452.52,458.4,441.02,640747
07-APR-2017,423.42,448.5,455.54,419,1985383
06-APR-2017,410,420.72,424,409.5,956282
05-APR-2017,394.4,405.12,409.48,393.76,1486402
03-APR-2017,407.62,404.48,412.24,399.71,767825
31-MAR-2017,409.36,407.58,412.19,405.95,341086
30-MAR-2017,402.51,405.7,410.54,397.15,736522
29-MAR-2017,399.04,402.51,403.65,395.07,411222
28-MAR-2017,395.87,398.05,399.68,392,600856
27-MAR-2017,403.2,395.02,403.55,393.63,298583
24-MAR-2017,400.26,400.13,405.44,399.23,300909
23-MAR-2017,400.64,398.54,402.56,396.94,159816
22-MAR-2017,395.52,397.23,398.4,389.6,1228715
21-MAR-2017,401.57,396.72,402.85,395.57,267212
20-MAR-2017,396.91,399.15,405.98,396.91,337603
17-MAR-2017,399.68,397.25,402.56,394.29,484456
16-MAR-2017,403.04,396.82,404.86,391.54,493759
15-MAR-2017,399.79,401.31,404.78,395.84,227607
14-MAR-2017,401.76,397.38,405.28,395.87,434364
10-MAR-2017,390.72,397.25,401.33,388.98,207580
09-MAR-2017,392.64,390.38,394.56,388.8,249386
08-MAR-2017,397.15,392.85,397.44,384.66,495160
07-MAR-2017,397.97,399.07,401.57,396.34,197107
06-MAR-2017,398.22,396.18,399.04,393.62,151578
03-MAR-2017,393.6,394.7,396.48,392,177274
02-MAR-2017,393.6,392.9,395.42,389.22,340665
01-MAR-2017,392,391.57,394.24,389.23,361212
28-FEB-2017,390.08,389.09,394.46,385.28,637964
27-FEB-2017,380.1,389.63,392.32,377.6,759911
23-FEB-2017,387.2,379.68,391.01,378.56,157381
22-FEB-2017,391.17,388.75,391.66,385.06,166600
21-FEB-2017,391.36,391.89,394.42,391.22,84972
20-FEB-2017,392.64,391.89,396.08,391.04,238552
17-FEB-2017,396.78,390.88,397.82,389.76,176648
16-FEB-2017,392.96,394.83,399.63,392.34,218970
15-FEB-2017,406.08,393.49,406.08,392.66,363673
14-FEB-2017,416,408.56,416,395.84,711557
13-FEB-2017,427.2,417.25,427.52,413.07,312503
10-FEB-2017,422.4,424.56,426.24,420.24,264718
09-FEB-2017,414.4,420.19,422.08,411.36,254624
08-FEB-2017,404.48,412.35,414.4,403.52,242830
07-FEB-2017,410.5,403.01,412.72,400.03,428874
06-FEB-2017,391.2,406.51,415.68,385.94,1479119
03-FEB-2017,383.3,389.25,392,377.81,169179
02-FEB-2017,384.32,382.82,384.32,374.08,225016
01-FEB-2017,380.8,380.75,385.28,372.42,283047
31-JAN-2017,386.21,379.34,386.21,363.52,1287712
30-JAN-2017,381.3,385.02,387.84,381.3,74402
27-JAN-2017,379.52,385.02,387.82,379.52,110007
25-JAN-2017,381.76,382.02,383.82,379.52,252342
24-JAN-2017,377.44,381.36,382.83,374.77,127857
23-JAN-2017,377.12,374.53,380.48,371.52,87524
20-JAN-2017,377.92,374.64,379.06,371.7,210335
19-JAN-2017,383.04,377.7,383.04,375.49,169047
18-JAN-2017,384.14,380.58,384.14,377.63,179450
17-JAN-2017,384.64,384.14,390.4,381.82,174236
16-JAN-2017,386.43,383.15,389.76,381.76,74394
13-JAN-2017,390.34,386,392.96,384.96,179047
12-JAN-2017,381.76,389.55,391.04,376.99,240703
11-JAN-2017,383.98,378.74,385.6,376.67,231507
10-JAN-2017,381.41,381.49,382.72,372.93,266328
09-JAN-2017,373.17,377.94,396.48,371.2,279999
06-JAN-2017,377.44,373.68,381.68,372.48,118665
05-JAN-2017,372.45,375.78,376.96,370.5,51280
04-JAN-2017,377.6,368.42,379.2,366.11,95667
03-JAN-2017,368.64,376.58,379.52,368,307917
02-JAN-2017,358.13,365.14,368.64,352.98,191209
30-DEC-2016,356.4,355.22,358.72,352.66,83184
29-DEC-2016,349.12,354.88,358.4,348.98,376566
28-DEC-2016,354.72,348.72,358.05,346.78,103071
27-DEC-2016,351.65,351.62,353.28,346.88,120509
26-DEC-2016,352.64,349.78,359.04,347.65,172366
23-DEC-2016,353.92,352.7,355.66,350.08,134394
22-DEC-2016,348.82,352.29,354.24,346.46,180113
21-DEC-2016,345.6,349.52,352.75,337.78,926625
20-DEC-2016,347.18,343.84,349.44,342.72,53095
19-DEC-2016,351.39,346.14,354.8,344.96,311487
16-DEC-2016,356.7,351.62,359.18,349.84,178349
15-DEC-2016,357.12,356.08,361.9,355.52,67436
14-DEC-2016,358.77,358.54,361.9,356.16,143805
13-DEC-2016,364.48,358.77,364.48,355.52,363131
12-DEC-2016,359.65,361.1,368.9,356.35,192154
09-DEC-2016,358.7,357.92,360.43,355.62,277624
08-DEC-2016,358.4,355.33,362.05,354.24,329757
07-DEC-2016,357.5,356.1,359.68,354.26,83366
06-DEC-2016,361.6,355.71,361.6,353.6,1023342
05-DEC-2016,365.73,359.17,366.13,353.9,255936
02-DEC-2016,368.64,363.65,373.34,360.72,87662
01-DEC-2016,376,369.86,377.57,367.71,458310
30-NOV-2016,374.56,374.4,377.09,371.52,183217
29-NOV-2016,376.1,373.62,379.2,373.01,79831
28-NOV-2016,370.38,374.03,377.41,370.38,76986
25-NOV-2016,375.71,369.92,375.87,367.12,334252
24-NOV-2016,362.88,379.1,396.78,359.23,284396
23-NOV-2016,371.52,360.72,375.73,358.51,154436
22-NOV-2016,369.6,371.57,373.44,362.58,156077
21-NOV-2016,392,370.29,394.18,363.06,174613
18-NOV-2016,400,390.08,402.88,389.12,180541
17-NOV-2016,409.71,401.39,416,398.82,325641
16-NOV-2016,412.83,410.66,427.25,406.02,273501
15-NOV-2016,426.48,417.38,439.66,411.36,173205
11-NOV-2016,434.53,432.34,435.15,425.92,105308
10-NOV-2016,437.44,436.9,442.18,435.18,100805
09-NOV-2016,424.96,433.15,438.4,403.95,97418
08-NOV-2016,440.96,442.58,444.48,432.8,56224
07-NOV-2016,443.2,438.61,459.04,435.23,156799
04-NOV-2016,436.48,442.48,445.76,436.48,349147
03-NOV-2016,434.66,438.1,440.77,434.13,107107
02-NOV-2016,433.54,437.98,441.28,433.5,86532
01-NOV-2016,440,438.56,444.8,436.8,55764
30-OCT-2016,432.64,439.36,441.23,432.64,3215
28-OCT-2016,434.51,440.18,441.73,430.91,93318
27-OCT-2016,431.65,434.77,438.4,426.27,227147
26-OCT-2016,431.89,432.5,437.44,429.76,69220
25-OCT-2016,431.44,431.89,434.69,429.76,51152
24-OCT-2016,431.2,431.44,435.66,428.88,54372
21-OCT-2016,436.16,430.82,441.6,428.8,55005
20-OCT-2016,436.37,436.3,438.4,431.36,55779
19-OCT-2016,436.16,436.67,439.65,433.92,41964
18-OCT-2016,425.58,436.13,437.44,423.04,122903
17-OCT-2016,431.42,422.85,436.4,420.8,91679
14-OCT-2016,438.05,428.19,442.24,418.05,180049
13-OCT-2016,441.6,436.98,443.01,430.72,126134
10-OCT-2016,448.64,443.02,449.92,441.02,99880
07-OCT-2016,446.72,448.54,452.18,442.24,111299
06-OCT-2016,449.63,446.94,455.3,443.74,111926
05-OCT-2016,441.92,449.31,452.8,441.1,107777
04-OCT-2016,442.24,442.18,444.67,438.72,50149
03-OCT-2016,441.28,443.2,444.8,436.58,56499
30-SEP-2016,433.57,441.41,443.26,419.84,192317
29-SEP-2016,437.81,434,439.68,417.28,928504
28-SEP-2016,432.77,436.05,438.38,432.26,96045
27-SEP-2016,428.59,432.54,433.6,427.42,174303
26-SEP-2016,427.81,427.81,432.59,425.6,92791
23-SEP-2016,428.8,427.79,436.64,427.01,284737
22-SEP-2016,427.2,427.55,430.08,423.74,76539
21-SEP-2016,418.86,423.82,427.82,417.6,214402
20-SEP-2016,418.69,418.99,423.36,417.26,84135
19-SEP-2016,419.81,418.69,421.73,414.86,158030
16-SEP-2016,415.36,415.95,424.64,412.8,290364
15-SEP-2016,416,411.58,417.6,404.98,191583
14-SEP-2016,424.96,415.71,427.68,412.06,211345
12-SEP-2016,433.7,422.26,436.3,419.52,95919
09-SEP-2016,444.77,438.74,445.12,437.12,72053
08-SEP-2016,443.73,442.3,443.98,438.61,58564
07-SEP-2016,441.87,441.49,445.3,439.71,79003
06-SEP-2016,440.45,440.06,443.14,436.16,219819
02-SEP-2016,446.4,439.7,446.51,436.8,101990
01-SEP-2016,448,444.51,450.22,441.63,54100
31-AUG-2016,440,446.26,452.7,436.8,178283
30-AUG-2016,442.8,439.38,442.8,437.06,119095
29-AUG-2016,440.86,439.6,442.24,434.91,45443
26-AUG-2016,438.08,437.14,441.82,435.2,65700
25-AUG-2016,435.84,440.43,444.8,432.32,366865
24-AUG-2016,433.39,435.87,438.08,432,75620
23-AUG-2016,439.81,433.39,441.1,429.12,95027
22-AUG-2016,437.12,436.54,442.82,434.56,100456
19-AUG-2016,444.8,437.26,444.8,435.9,183810
18-AUG-2016,452.48,444.45,453.41,443.58,110945
17-AUG-2016,447.68,451.22,452.61,446.94,157526
16-AUG-2016,448,447.73,453.3,446.5,135818
12-AUG-2016,458.05,447.22,459.84,445.31,153165
11-AUG-2016,464.64,454.05,467.2,449.63,122594
10-AUG-2016,456,469.55,478.4,456,392793
09-AUG-2016,461.76,466.86,474.42,456.11,270677
08-AUG-2016,464,458.22,465.36,449.14,108955
05-AUG-2016,462.08,461.65,465.6,451.2,186667
04-AUG-2016,482.21,460.06,482.34,456.58,228393
03-AUG-2016,487.97,475.25,489.63,472.58,119004
02-AUG-2016,482.56,485.74,492.8,481.6,233551
01-AUG-2016,484.8,482.72,489.28,478.14,198548
29-JUL-2016,470.4,479.97,483.63,467.89,297313
28-JUL-2016,469.28,470.4,476.72,467.54,347060
27-JUL-2016,464,469.28,472,456.78,139597
26-JUL-2016,473.6,462.43,478.08,448.1,260349
25-JUL-2016,466.27,473.2,476.78,466.27,272974
22-JUL-2016,463.6,466.26,471.68,460.51,174596
21-JUL-2016,467.2,462.56,469.12,458.4,138236
20-JUL-2016,458.88,465.74,467.17,458.88,80273
19-JUL-2016,457.66,458.98,460.8,451.84,103880
18-JUL-2016,472,455.2,473.09,450.78,75637
15-JUL-2016,465.28,469.15,472.94,464.98,240460
14-JUL-2016,457.86,461.9,466.13,455.07,611715
13-JUL-2016,459.18,457.02,463.97,452.8,255964
12-JUL-2016,467.28,456.86,468.96,455.15,244989
11-JUL-2016,471.02,464.62,475.49,461.82,171551
08-JUL-2016,470.75,469.09,473.36,466.42,112744
07-JUL-2016,469.15,469.1,476.56,467.23,205536
05-JUL-2016,464.53,468.64,472.96,462.45,137648
04-JUL-2016,467.74,464.53,470.4,463.58,95200
01-JUL-2016,456.64,466.99,473.28,454.58,204772
30-JUN-2016,465.09,457.78,470.37,454.26,308165
29-JUN-2016,443.23,464.35,465.94,441.12,222271
28-JUN-2016,434.24,442,445.52,434.24,122547
27-JUN-2016,434.9,433.7,444,431.23,174438
24-JUN-2016,428.72,434.9,438.7,422.62,115008
23-JUN-2016,430.16,432.58,436.8,422.48,145966
22-JUN-2016,421.82,427.39,431.97,421.82,130685
21-JUN-2016,429.5,426.1,439.04,424.38,200617
20-JUN-2016,420.69,429.04,437.74,420.69,181427
17-JUN-2016,431.97,423.89,433.6,422.4,112636
16-JUN-2016,432,430.82,433.6,428.5,79118
15-JUN-2016,430.4,431.84,434.7,427.54,110136
14-JUN-2016,437.76,428.77,440,423.36,72917
13-JUN-2016,430.08,435.06,438.62,430.05,82077
10-JUN-2016,435.2,433.92,439.54,432.96,73179
09-JUN-2016,437.12,434.24,440.96,432.4,124481
08-JUN-2016,436.4,436.3,439.68,432.34,251198
07-JUN-2016,430.02,431.89,433.6,428.45,112446
06-JUN-2016,436.38,426.38,436.38,424.83,124789
03-JUN-2016,448,432.74,448,432.32,104483
02-JUN-2016,453.87,443.58,453.87,441.66,101414
01-JUN-2016,460.48,450.64,461.76,448.64,71244
31-MAY-2016,462.4,460.5,468.78,454.4,508899
30-MAY-2016,443.22,459.7,463.36,443.22,321958
27-MAY-2016,437.36,441.68,443.84,432.1,210480
26-MAY-2016,432.64,435.87,441.2,428.8,301862
25-MAY-2016,445.44,444.4,447.33,438.06,157438
24-MAY-2016,442.53,442.35,446.08,432.96,230342
23-MAY-2016,428.13,438.9,446.5,428.13,198859
20-MAY-2016,434.21,427.65,439.97,425.6,53597
19-MAY-2016,439.94,434.27,443.2,432.03,71440
18-MAY-2016,438.24,436.74,439.68,433.6,49828
17-MAY-2016,440.32,438.98,443.18,436.9,56936
16-MAY-2016,434.88,438.42,440.3,425.82,96065
13-MAY-2016,427.52,429.47,435.81,426.56,117259
12-MAY-2016,416.42,428.32,431.36,416.42,136332
11-MAY-2016,412.8,416.4,421.76,410.21,67732
10-MAY-2016,425.28,416.02,428.8,414.72,120105
09-MAY-2016,429.92,424.22,439.3,422.74,139816
06-MAY-2016,430.66,425.41,434.5,423.98,214990
05-MAY-2016,441.28,431.6,441.92,428.16,374999
04-MAY-2016,439.65,441.44,450.56,438.26,196502
03-MAY-2016,438.4,441.49,447.36,436.8,220472
02-MAY-2016,430.4,438.3,441.28,426.34,128611
29-APR-2016,425.57,432.91,434.46,421.52,154333
28-APR-2016,431.02,422.67,431.02,419.2,329282
27-APR-2016,433.6,430.94,436.24,427.9,108952
26-APR-2016,428.69,434.16,438.03,425.95,368530
25-APR-2016,435.84,428.69,438.35,427.6,205554
22-APR-2016,434.86,434.99,438.08,432.34,63508
21-APR-2016,443.2,435.36,443.52,434.8,214167
20-APR-2016,428.96,441.39,443.52,427.78,288551
18-APR-2016,410.83,426.34,428.77,408,411861
13-APR-2016,409.57,406.54,411.17,395.41,242110
12-APR-2016,403.2,405.78,409.63,403.2,146937
11-APR-2016,405.81,402.29,408.03,400,91870
08-APR-2016,406.4,405.81,408.86,401.36,58216
07-APR-2016,407.68,407.66,408.96,400.82,78916
06-APR-2016,405.76,406.4,409.6,399.84,181508
05-APR-2016,400.99,401.57,406.64,394.88,279197
04-APR-2016,405.86,407.74,413.28,403.84,145661
01-APR-2016,397.76,402.69,405.12,391.95,122912
31-MAR-2016,398.88,397.87,405.44,388.96,1422030
30-MAR-2016,382.77,397.95,401.6,382.77,218246
29-MAR-2016,394.24,381.5,395.17,379.28,459077
28-MAR-2016,390.72,392.46,395.81,389.92,108082
23-MAR-2016,388.78,390.8,392.61,384.83,120198
22-MAR-2016,383.68,388.5,390.4,378.88,145311
21-MAR-2016,368.96,383.84,385.57,368.74,304728
18-MAR-2016,375.68,367.31,375.68,363.66,443824
17-MAR-2016,370.5,374.4,375.66,369.28,238158
16-MAR-2016,367.25,369.31,370.54,366.4,157594
15-MAR-2016,372.48,367.71,372.48,365.65,280062
14-MAR-2016,366.02,370.35,372.48,365.17,341730
11-MAR-2016,373.76,367.22,377.28,366.14,1736511
10-MAR-2016,380.48,372.29,382.72,370.67,420310
09-MAR-2016,385.12,382.4,386.88,379.28,504342
08-MAR-2016,393.6,392.48,404.8,383.97,77326
04-MAR-2016,380.83,395.79,401.63,378.38,160273
03-MAR-2016,392.16,381.44,392.16,379.63,225974
02-MAR-2016,390.72,387.98,397.9,381.49,752584
01-MAR-2016,377.28,379.62,382.08,371.71,231643
29-FEB-2016,372.16,370.69,374.61,366.18,223991
26-FEB-2016,375.36,374.5,379.5,368.72,293560
25-FEB-2016,367.68,372.48,374.99,359.2,795027
24-FEB-2016,362.85,362.67,365.73,353.76,101795
23-FEB-2016,371.84,363.23,374.08,360.64,230963
22-FEB-2016,360,371.01,378,356.8,159937
19-FEB-2016,364.48,358.3,364.48,353.28,126868
18-FEB-2016,378.24,364.48,381.79,363.26,127194
17-FEB-2016,370.56,376.86,380.74,360.8,74482
16-FEB-2016,382.4,370.1,382.4,365.1,104913
15-FEB-2016,348.48,369.33,372.8,347.07,71780
12-FEB-2016,352.64,345.79,357.07,336.32,233222
11-FEB-2016,352,350.48,356.16,345.6,420066
10-FEB-2016,358.72,352.93,362.86,352,279405
09-FEB-2016,367.04,364.32,368.38,347.2,69489
08-FEB-2016,360.64,367.55,368.46,357.44,118375
05-FEB-2016,355.2,360.78,364.14,355.2,395026
04-FEB-2016,355.82,355.28,360.99,354.27,262460
03-FEB-2016,371.17,353.57,371.17,348.8,358498
02-FEB-2016,379.25,372.48,382.4,368.64,139660
01-FEB-2016,380.8,382.24,387.04,374.4,141377
29-JAN-2016,383.98,379.79,387.97,378.13,224975
28-JAN-2016,387.52,384.78,396.14,378.82,364058
27-JAN-2016,377.79,387.47,392.11,373.57,400170
25-JAN-2016,387.17,387.39,393.55,384.58,109063
22-JAN-2016,390.38,384,391.87,382.88,161253
21-JAN-2016,390.38,386.19,396.8,380.8,172457
20-JAN-2016,373.76,388,393.6,365.42,235497
19-JAN-2016,370.24,377.98,380.48,360,140866
18-JAN-2016,388.8,369.62,389.44,368.64,279106
15-JAN-2016,396.13,391.94,398.72,387.89,122047
14-JAN-2016,393.28,391.7,393.6,385.22,51259
13-JAN-2016,406.24,394.93,406.72,387.84,136732
12-JAN-2016,415.34,402.43,417.28,400,147036
11-JAN-2016,406.72,410,414.4,400.93,136861
08-JAN-2016,408.32,407.82,412.48,398.4,403552
07-JAN-2016,411.5,404.69,411.5,402.4,168317
06-JAN-2016,421.12,412.14,423.97,411.2,339418
05-JAN-2016,433.7,419.92,435.81,416.03,196219
04-JAN-2016,445.92,431.6,452.8,426.99,251952
01-JAN-2016,422.4,444.16,455.33,420.32,515710
